seed,step,objective
57,1,47.1322
57,2,47.1462
57,3,47.214299999999994
57,4,47.3665
57,5,47.4607
57,6,47.5292
57,7,47.616
57,8,47.6162
57,9,47.6669
57,10,47.727900000000005
57,11,47.7815
57,12,47.8469
57,13,47.9195
57,14,47.9885
57,15,48.0454
57,16,48.11
57,17,48.174800000000005
57,18,48.248200000000004
57,19,48.3347
57,20,48.37650000000001
57,21,48.426500000000004
57,22,48.507000000000005
57,23,48.5633
57,24,48.6226
57,25,48.6717
57,26,48.738
57,27,48.741699999999994
57,28,48.8085
57,29,48.8504
57,30,48.8688
57,31,48.939499999999995
57,32,48.9524
57,33,49.0133
57,34,49.08359999999999
57,35,49.084799999999994
57,36,49.149100000000004
57,37,49.219
57,38,49.2341
57,39,49.25620000000001
57,40,49.3227
57,41,49.3929
57,42,49.3952
57,43,49.4658
57,44,49.513600000000004
57,45,49.517799999999994
57,46,49.5283
57,47,49.597100000000005
57,48,49.6429
57,49,49.68050000000001
57,50,49.6832
57,51,49.7605
57,52,49.7671
57,53,49.8128
57,54,49.879999999999995
57,55,49.8977
57,56,49.939099999999996
57,57,49.9748
57,58,50.0172
57,59,50.0506
57,60,50.0878
57,61,50.1602
57,62,50.1774
57,63,50.2262
57,64,50.286699999999996
57,65,50.360299999999995
57,66,50.425200000000004
57,67,50.486599999999996
57,68,50.551300000000005
57,69,50.6062
57,70,50.673899999999996
57,71,50.745000000000005
57,72,50.830799999999996
57,73,50.8619
57,74,50.87100000000001
57,75,50.9435
57,76,50.9583
57,77,50.975300000000004
57,78,51.03399999999999
57,79,51.108200000000004
57,80,51.1262
57,81,51.1288
57,82,51.182
57,83,51.2067
57,84,51.272999999999996
57,85,51.3436
57,86,51.3577
57,87,51.437200000000004
57,88,51.522000000000006
57,89,51.6571
57,90,51.6683
57,91,51.745099999999994
57,92,51.777499999999996
57,93,51.7825
57,94,51.831999999999994
57,95,51.88040000000001
57,96,51.887699999999995
57,97,51.9429
57,98,52.0094
57,99,52.01819999999999
57,100,52.0787
71,1,47.074799999999996
71,2,47.1655
71,3,47.2398
71,4,47.2936
71,5,47.4469
71,6,47.5002
71,7,47.5818
71,8,47.669399999999996
71,9,47.6965
71,10,47.7712
71,11,47.7907
71,12,47.877399999999994
71,13,47.9963
71,14,48.0573
71,15,48.1105
71,16,48.1551
71,17,48.2291
71,18,48.297200000000004
71,19,48.3476
71,20,48.4016
71,21,48.4273
71,22,48.437
71,23,48.5145
71,24,48.611999999999995
71,25,48.6685
71,26,48.7538
71,27,48.790800000000004
71,28,48.8472
71,29,48.9277
71,30,48.93729999999999
71,31,48.993700000000004
71,32,49.006299999999996
71,33,49.0665
71,34,49.125699999999995
71,35,49.182399999999994
71,36,49.2316
71,37,49.2939
71,38,49.321799999999996
71,39,49.4067
71,40,49.43900000000001
71,41,49.51660000000001
71,42,49.538700000000006
71,43,49.586
71,44,49.633100000000006
71,45,49.678200000000004
71,46,49.712999999999994
71,47,49.7714
71,48,49.83369999999999
71,49,49.851299999999995
71,50,49.916999999999994
71,51,49.979200000000006
71,52,50.0543
71,53,50.112
71,54,50.150499999999994
71,55,50.1546
71,56,50.2074
71,57,50.2573
71,58,50.33410000000001
71,59,50.336800000000004
71,60,50.35
71,61,50.3549
71,62,50.4093
71,63,50.427899999999994
71,64,50.44840000000001
71,65,50.4728
71,66,50.474700000000006
71,67,50.519499999999994
71,68,50.571200000000005
71,69,50.60809999999999
71,70,50.6196
71,71,50.6178
71,72,50.62650000000001
71,73,50.6816
71,74,50.7317
71,75,50.7876
71,76,50.7918
71,77,50.8459
71,78,50.8571
71,79,50.8721
71,80,50.9187
71,81,50.9217
71,82,50.980000000000004
71,83,51.050700000000006
71,84,51.1164
71,85,51.1369
71,86,51.13849999999999
71,87,51.2
71,88,51.210699999999996
71,89,51.2634
71,90,51.287099999999995
71,91,51.2979
71,92,51.36919999999999
71,93,51.38850000000001
71,94,51.409400000000005
71,95,51.4546
71,96,51.5284
71,97,51.5916
71,98,51.59590000000001
71,99,51.6339
71,100,51.6381
182,1,47.1076
182,2,47.2084
182,3,47.2984
182,4,47.3687
182,5,47.433800000000005
182,6,47.47930000000001
182,7,47.548500000000004
182,8,47.6999
182,9,47.7444
182,10,47.7863
182,11,47.8568
182,12,47.9225
182,13,47.9916
182,14,48.0144
182,15,48.077400000000004
182,16,48.106
182,17,48.1438
182,18,48.188900000000004
182,19,48.2839
182,20,48.3231
182,21,48.388
182,22,48.4394
182,23,48.5099
182,24,48.536100000000005
182,25,48.5873
182,26,48.6289
182,27,48.6822
182,28,48.7645
182,29,48.813100000000006
182,30,48.8754
182,31,48.9314
182,32,48.9767
182,33,49.0561
182,34,49.133799999999994
182,35,49.14620000000001
182,36,49.222199999999994
182,37,49.2748
182,38,49.279799999999994
182,39,49.31269999999999
182,40,49.417500000000004
182,41,49.4791
182,42,49.5401
182,43,49.5445
182,44,49.5462
182,45,49.5519
182,46,49.5961
182,47,49.61279999999999
182,48,49.6307
182,49,49.6816
182,50,49.73350000000001
182,51,49.8078
182,52,49.858000000000004
182,53,49.8638
182,54,49.8981
182,55,49.9737
182,56,49.9837
182,57,50.09089999999999
182,58,50.1417
182,59,50.181099999999994
182,60,50.2453
182,61,50.330299999999994
182,62,50.4336
182,63,50.484700000000004
182,64,50.4879
182,65,50.514700000000005
182,66,50.572199999999995
182,67,50.577200000000005
182,68,50.6368
182,69,50.7098
182,70,50.7815
182,71,50.8694
182,72,50.938199999999995
182,73,50.9498
182,74,51.0446
182,75,51.0659
182,76,51.0682
182,77,51.124599999999994
182,78,51.1365
182,79,51.2175
182,80,51.2773
182,81,51.3318
182,82,51.3999
182,83,51.41420000000001
182,84,51.4799
182,85,51.5237
182,86,51.569900000000004
182,87,51.62520000000001
182,88,51.6503
182,89,51.7166
182,90,51.769000000000005
182,91,51.8655
182,92,51.8849
182,93,51.906800000000004
182,94,51.93090000000001
182,95,51.939800000000005
182,96,51.952600000000004
182,97,52.0106
182,98,52.0886
182,99,52.1336
182,100,52.141600000000004
395,1,47.172399999999996
395,2,47.2075
395,3,47.337199999999996
395,4,47.3908
395,5,47.48009999999999
395,6,47.544
395,7,47.62
395,8,47.7172
395,9,47.790099999999995
395,10,47.8394
395,11,47.8916
395,12,47.9658
395,13,48.0514
395,14,48.0993
395,15,48.1571
395,16,48.221500000000006
395,17,48.1981
395,18,48.26740000000001
395,19,48.27430000000001
395,20,48.2863
395,21,48.341
395,22,48.4019
395,23,48.4767
395,24,48.57940000000001
395,25,48.646100000000004
395,26,48.7214
395,27,48.7796
395,28,48.8405
395,29,48.8878
395,30,48.9062
395,31,48.91480000000001
395,32,48.958999999999996
395,33,48.9687
395,34,49.033100000000005
395,35,49.0574
395,36,49.1237
395,37,49.1691
395,38,49.2104
395,39,49.2282
395,40,49.3012
395,41,49.3179
395,42,49.399699999999996
395,43,49.4109
395,44,49.4791
395,45,49.5434
395,46,49.5975
395,47,49.649699999999996
395,48,49.73779999999999
395,49,49.7741
395,50,49.836600000000004
395,51,49.861999999999995
395,52,49.91669999999999
395,53,49.9236
395,54,49.9387
395,55,50.0084
395,56,50.05839999999999
395,57,50.0694
395,58,50.13959999999999
395,59,50.203500000000005
395,60,50.1989
395,61,50.26649999999999
395,62,50.3099
395,63,50.3339
395,64,50.3514
395,65,50.3535
395,66,50.43729999999999
395,67,50.5087
395,68,50.5127
395,69,50.5376
395,70,50.5988
395,71,50.676300000000005
395,72,50.71790000000001
395,73,50.7736
395,74,50.7902
395,75,50.7915
395,76,50.7973
395,77,50.846500000000006
395,78,50.86349999999999
395,79,50.8828
395,80,50.9218
395,81,50.98010000000001
395,82,51.0179
395,83,51.0547
395,84,51.1573
395,85,51.152800000000006
395,86,51.25299999999999
395,87,51.279700000000005
395,88,51.2999
395,89,51.354
395,90,51.40839999999999
395,91,51.460499999999996
395,92,51.5257
395,93,51.5384
395,94,51.59759999999999
395,95,51.6349
395,96,51.7128
395,97,51.7436
395,98,51.774
395,99,51.82300000000001
395,100,51.869600000000005
417,1,47.1114
417,2,47.193400000000004
417,3,47.2616
417,4,47.3554
417,5,47.5105
417,6,47.595600000000005
417,7,47.6443
417,8,47.693299999999994
417,9,47.73530000000001
417,10,47.806
417,11,47.854600000000005
417,12,47.873999999999995
417,13,47.9791
417,14,48.029
417,15,48.1051
417,16,48.1607
417,17,48.2232
417,18,48.2749
417,19,48.3384
417,20,48.376000000000005
417,21,48.419399999999996
417,22,48.4983
417,23,48.581
417,24,48.64359999999999
417,25,48.679399999999994
417,26,48.7071
417,27,48.782999999999994
417,28,48.7941
417,29,48.889799999999994
417,30,48.9364
417,31,49.0295
417,32,49.1083
417,33,49.1836
417,34,49.198499999999996
417,35,49.2026
417,36,49.3292
417,37,49.429
417,38,49.5154
417,39,49.5307
417,40,49.532300000000006
417,41,49.5912
417,42,49.6259
417,43,49.6798
417,44,49.7394
417,45,49.7859
417,46,49.8341
417,47,49.875600000000006
417,48,49.892500000000005
417,49,49.900099999999995
417,50,49.90990000000001
417,51,49.9644
417,52,50.0226
417,53,50.0936
417,54,50.1336
417,55,50.1804
417,56,50.2441
417,57,50.3156
417,58,50.3323
417,59,50.345699999999994
417,60,50.35530000000001
417,61,50.428999999999995
417,62,50.4303
417,63,50.4392
417,64,50.4404
417,65,50.4833
417,66,50.49159999999999
417,67,50.559200000000004
417,68,50.56570000000001
417,69,50.5757
417,70,50.635999999999996
417,71,50.650800000000004
417,72,50.68
417,73,50.719300000000004
417,74,50.7332
417,75,50.7415
417,76,50.7447
417,77,50.7497
417,78,50.8182
417,79,50.828
417,80,50.8737
417,81,50.8754
417,82,50.937400000000004
417,83,51.00919999999999
417,84,51.0628
417,85,51.1346
417,86,51.23440000000001
417,87,51.2478
417,88,51.2495
417,89,51.33040000000001
417,90,51.34530000000001
417,91,51.362
417,92,51.385400000000004
417,93,51.4797
417,94,51.48440000000001
417,95,51.586800000000004
417,96,51.597100000000005
417,97,51.607
417,98,51.614000000000004
417,99,51.649699999999996
417,100,51.710300000000004
446,1,47.1595
446,2,47.3113
446,3,47.3403
446,4,47.3814
446,5,47.4992
446,6,47.560199999999995
446,7,47.634299999999996
446,8,47.6789
446,9,47.7626
446,10,47.8273
446,11,47.8979
446,12,47.9872
446,13,48.043000000000006
446,14,48.1168
446,15,48.185
446,16,48.243
446,17,48.292100000000005
446,18,48.369400000000006
446,19,48.4089
446,20,48.454299999999996
446,21,48.49040000000001
446,22,48.540800000000004
446,23,48.6004
446,24,48.6601
446,25,48.7136
446,26,48.7892
446,27,48.845600000000005
446,28,48.9119
446,29,49.015
446,30,49.0745
446,31,49.152899999999995
446,32,49.2077
446,33,49.23049999999999
446,34,49.273700000000005
446,35,49.287000000000006
446,36,49.288799999999995
446,37,49.35079999999999
446,38,49.3814
446,39,49.4176
446,40,49.4516
446,41,49.483700000000006
446,42,49.5359
446,43,49.589099999999995
446,44,49.630399999999995
446,45,49.645199999999996
446,46,49.6864
446,47,49.73799999999999
446,48,49.8006
446,49,49.8064
446,50,49.8399
446,51,49.839299999999994
446,52,49.841300000000004
446,53,49.891600000000004
446,54,49.9212
446,55,49.9348
446,56,49.9797
446,57,50.0209
446,58,50.02669999999999
446,59,50.1041
446,60,50.117999999999995
446,61,50.18
446,62,50.2299
446,63,50.2846
446,64,50.35380000000001
446,65,50.4221
446,66,50.4246
446,67,50.442400000000006
446,68,50.44799999999999
446,69,50.4833
446,70,50.5158
446,71,50.5377
446,72,50.62089999999999
446,73,50.628
446,74,50.7021
446,75,50.7376
446,76,50.740700000000004
446,77,50.7443
446,78,50.7481
446,79,50.7602
446,80,50.7822
446,81,50.842
446,82,50.896100000000004
446,83,50.929
446,84,50.9346
446,85,50.960899999999995
446,86,51.0081
446,87,51.0518
446,88,51.055800000000005
446,89,51.1182
446,90,51.1602
446,91,51.1639
446,92,51.212199999999996
446,93,51.217299999999994
446,94,51.3117
446,95,51.3848
446,96,51.4105
446,97,51.483799999999995
446,98,51.567400000000006
446,99,51.640699999999995
446,100,51.693799999999996
471,1,47.114000000000004
471,2,47.2016
471,3,47.3361
471,4,47.3849
471,5,47.451600000000006
471,6,47.4824
471,7,47.5389
471,8,47.578399999999995
471,9,47.6316
471,10,47.7287
471,11,47.7741
471,12,47.815599999999996
471,13,47.869800000000005
471,14,47.9756
471,15,48.012899999999995
471,16,48.069500000000005
471,17,48.0877
471,18,48.1626
471,19,48.2142
471,20,48.278000000000006
471,21,48.348600000000005
471,22,48.361900000000006
471,23,48.4178
471,24,48.476
471,25,48.5449
471,26,48.5689
471,27,48.5817
471,28,48.590900000000005
471,29,48.6326
471,30,48.70419999999999
471,31,48.743900000000004
471,32,48.8078
471,33,48.9191
471,34,48.97280000000001
471,35,49.0376
471,36,49.085300000000004
471,37,49.1812
471,38,49.192499999999995
471,39,49.2539
471,40,49.2568
471,41,49.3564
471,42,49.41199999999999
471,43,49.468799999999995
471,44,49.533699999999996
471,45,49.5843
471,46,49.638
471,47,49.70440000000001
471,48,49.7666
471,49,49.8089
471,50,49.81439999999999
471,51,49.8627
471,52,49.9221
471,53,50.009100000000004
471,54,50.0744
471,55,50.1691
471,56,50.2444
471,57,50.2983
471,58,50.3472
471,59,50.352599999999995
471,60,50.4277
471,61,50.4692
471,62,50.4734
471,63,50.5151
471,64,50.59100000000001
471,65,50.5774
471,66,50.6232
471,67,50.6759
471,68,50.7458
471,69,50.74799999999999
471,70,50.8296
471,71,50.9052
471,72,50.9071
471,73,50.994600000000005
471,74,51.00519999999999
471,75,51.023
471,76,51.1135
471,77,51.179
471,78,51.1923
471,79,51.19890000000001
471,80,51.25919999999999
471,81,51.3334
471,82,51.364599999999996
471,83,51.45179999999999
471,84,51.454499999999996
471,85,51.5059
471,86,51.5252
471,87,51.5458
471,88,51.6572
471,89,51.6876
471,90,51.71430000000001
471,91,51.75319999999999
471,92,51.828500000000005
471,93,51.831
471,94,51.8874
471,95,51.9837
471,96,52.01599999999999
471,97,52.096
471,98,52.1215
471,99,52.1468
471,100,52.1571
516,1,47.2105
516,2,47.2736
516,3,47.35040000000001
516,4,47.4124
516,5,47.486399999999996
516,6,47.5276
516,7,47.5967
516,8,47.667500000000004
516,9,47.7358
516,10,47.8326
516,11,47.8885
516,12,47.9925
516,13,48.06099999999999
516,14,48.070499999999996
516,15,48.1316
516,16,48.200900000000004
516,17,48.262800000000006
516,18,48.3262
516,19,48.3589
516,20,48.417500000000004
516,21,48.4353
516,22,48.4767
516,23,48.552
516,24,48.6031
516,25,48.662
516,26,48.7243
516,27,48.73700000000001
516,28,48.795100000000005
516,29,48.846599999999995
516,30,48.86449999999999
516,31,48.9334
516,32,48.948499999999996
516,33,49.003800000000005
516,34,49.0613
516,35,49.1148
516,36,49.15379999999999
516,37,49.2106
516,38,49.2499
516,39,49.29520000000001
516,40,49.3351
516,41,49.345699999999994
516,42,49.4162
516,43,49.4422
516,44,49.4871
516,45,49.5725
516,46,49.63549999999999
516,47,49.66069999999999
516,48,49.7199
516,49,49.722300000000004
516,50,49.7703
516,51,49.8333
516,52,49.873599999999996
516,53,49.947900000000004
516,54,50.027300000000004
516,55,50.0377
516,56,50.096599999999995
516,57,50.102900000000005
516,58,50.151399999999995
516,59,50.206599999999995
516,60,50.31020000000001
516,61,50.370299999999986
516,62,50.3797
516,63,50.4258
516,64,50.435199999999995
516,65,50.4371
516,66,50.4908
516,67,50.5338
516,68,50.631
516,69,50.6973
516,70,50.712399999999995
516,71,50.7287
516,72,50.7428
516,73,50.7756
516,74,50.8237
516,75,50.8446
516,76,50.9064
516,77,50.956599999999995
516,78,50.952299999999994
516,79,50.9593
516,80,50.9615
516,81,51.00580000000001
516,82,51.116
516,83,51.13409999999999
516,84,51.1451
516,85,51.1926
516,86,51.208
516,87,51.2767
516,88,51.31900000000001
516,89,51.32310000000001
516,90,51.3464
516,91,51.3504
516,92,51.455
516,93,51.4671
516,94,51.505300000000005
516,95,51.5566
516,96,51.60190000000001
516,97,51.625
516,98,51.630900000000004
516,99,51.655300000000004
516,100,51.6847
596,1,47.127
596,2,47.1652
596,3,47.2535
596,4,47.3095
596,5,47.3752
596,6,47.4256
596,7,47.4573
596,8,47.51349999999999
596,9,47.5673
596,10,47.63249999999999
596,11,47.728899999999996
596,12,47.794700000000006
596,13,47.8528
596,14,47.909200000000006
596,15,47.969
596,16,48.0268
596,17,48.080999999999996
596,18,48.118700000000004
596,19,48.1964
596,20,48.21940000000001
596,21,48.3098
596,22,48.3681
596,23,48.3903
596,24,48.439899999999994
596,25,48.5189
596,26,48.6181
596,27,48.671800000000005
596,28,48.677099999999996
596,29,48.730199999999996
596,30,48.7736
596,31,48.8069
596,32,48.8575
596,33,48.9653
596,34,48.9744
596,35,49.027
596,36,49.100699999999996
596,37,49.158199999999994
596,38,49.232699999999994
596,39,49.316199999999995
596,40,49.3739
596,41,49.447100000000006
596,42,49.4615
596,43,49.540000000000006
596,44,49.5435
596,45,49.549400000000006
596,46,49.62140000000001
596,47,49.6289
596,48,49.6691
596,49,49.746300000000005
596,50,49.8042
596,51,49.8584
596,52,49.8605
596,53,49.867599999999996
596,54,49.8725
596,55,49.9697
596,56,50.0441
596,57,50.068999999999996
596,58,50.12360000000001
596,59,50.132200000000005
596,60,50.166799999999995
596,61,50.235200000000006
596,62,50.2819
596,63,50.2945
596,64,50.298899999999996
596,65,50.336
596,66,50.389700000000005
596,67,50.3895
596,68,50.47280000000001
596,69,50.478100000000005
596,70,50.505500000000005
596,71,50.508500000000005
596,72,50.53909999999999
596,73,50.5534
596,74,50.571099999999994
596,75,50.590900000000005
596,76,50.6059
596,77,50.7282
596,78,50.807500000000005
596,79,50.8202
596,80,50.8418
596,81,50.88269999999999
596,82,50.982299999999995
596,83,51.0477
596,84,51.070499999999996
596,85,51.0806
596,86,51.1362
596,87,51.14059999999999
596,88,51.15549999999999
596,89,51.2188
596,90,51.26429999999999
596,91,51.33709999999999
596,92,51.3819
596,93,51.4168
596,94,51.434599999999996
596,95,51.44909999999999
596,96,51.462599999999995
596,97,51.504999999999995
596,98,51.5072
596,99,51.5862
596,100,51.6417
634,1,47.0761
634,2,47.1717
634,3,47.2119
634,4,47.3142
634,5,47.3735
634,6,47.4384
634,7,47.5305
634,8,47.5848
634,9,47.6372
634,10,47.7228
634,11,47.77929999999999
634,12,47.864900000000006
634,13,47.9327
634,14,47.9698
634,15,48.0772
634,16,48.1314
634,17,48.218
634,18,48.2727
634,19,48.3201
634,20,48.3879
634,21,48.4627
634,22,48.482299999999995
634,23,48.5646
634,24,48.6165
634,25,48.6388
634,26,48.69199999999999
634,27,48.7414
634,28,48.8177
634,29,48.8408
634,30,48.8826
634,31,48.9006
634,32,48.9135
634,33,48.9731
634,34,49.066199999999995
634,35,49.0951
634,36,49.1023
634,37,49.1432
634,38,49.213499999999996
634,39,49.2581
634,40,49.3246
634,41,49.3202
634,42,49.3776
634,43,49.43090000000001
634,44,49.4979
634,45,49.544200000000004
634,46,49.60680000000001
634,47,49.64919999999999
634,48,49.72410000000001
634,49,49.799800000000005
634,50,49.88120000000001
634,51,49.89399999999999
634,52,49.9143
634,53,49.9532
634,54,49.9891
634,55,50.0462
634,56,50.0899
634,57,50.097699999999996
634,58,50.11489999999999
634,59,50.12089999999999
634,60,50.1661
634,61,50.1799
634,62,50.2417
634,63,50.2717
634,64,50.320499999999996
634,65,50.3625
634,66,50.3879
634,67,50.3982
634,68,50.43589999999999
634,69,50.4991
634,70,50.5138
634,71,50.58370000000001
634,72,50.64940000000001
634,73,50.658
634,74,50.6807
634,75,50.7765
634,76,50.8088
634,77,50.8549
634,78,50.9229
634,79,50.9299
634,80,50.944599999999994
634,81,51.0159
634,82,51.01819999999999
634,83,51.0599
634,84,51.110200000000006
634,85,51.1847
634,86,51.205200000000005
634,87,51.2427
634,88,51.31229999999999
634,89,51.389500000000005
634,90,51.4482
634,91,51.4638
634,92,51.4711
634,93,51.550099999999986
634,94,51.6139
634,95,51.682900000000004
634,96,51.7884
634,97,51.86149999999999
634,98,51.8771
634,99,51.890699999999995
634,100,51.9685
652,1,47.1049
652,2,47.1862
652,3,47.338
652,4,47.356899999999996
652,5,47.438599999999994
652,6,47.5364
652,7,47.6047
652,8,47.6625
652,9,47.7162
652,10,47.7742
652,11,47.8931
652,12,47.946200000000005
652,13,48.01039999999999
652,14,48.064499999999995
652,15,48.1101
652,16,48.151799999999994
652,17,48.1717
652,18,48.2599
652,19,48.3051
652,20,48.357200000000006
652,21,48.4153
652,22,48.4996
652,23,48.558400000000006
652,24,48.5643
652,25,48.6379
652,26,48.6764
652,27,48.69969999999999
652,28,48.7376
652,29,48.781600000000005
652,30,48.841
652,31,48.894499999999994
652,32,48.955200000000005
652,33,49.006299999999996
652,34,49.0782
652,35,49.1477
652,36,49.2102
652,37,49.2282
652,38,49.2761
652,39,49.343799999999995
652,40,49.3946
652,41,49.4128
652,42,49.418499999999995
652,43,49.484899999999996
652,44,49.5779
652,45,49.5902
652,46,49.629599999999996
652,47,49.6473
652,48,49.6626
652,49,49.759100000000004
652,50,49.816399999999994
652,51,49.840599999999995
652,52,49.9007
652,53,49.981700000000004
652,54,49.9873
652,55,50.050200000000004
652,56,50.098200000000006
652,57,50.122699999999995
652,58,50.14469999999999
652,59,50.196200000000005
652,60,50.23649999999999
652,61,50.2448
652,62,50.2718
652,63,50.342
652,64,50.398999999999994
652,65,50.4067
652,66,50.4696
652,67,50.5423
652,68,50.545700000000004
652,69,50.611
652,70,50.6639
652,71,50.683299999999996
652,72,50.686800000000005
652,73,50.72
652,74,50.8091
652,75,50.855399999999996
652,76,50.9075
652,77,50.9713
652,78,51.0323
652,79,51.050200000000004
652,80,51.06270000000001
652,81,51.141000000000005
652,82,51.20479999999999
652,83,51.25999999999999
652,84,51.3169
652,85,51.334199999999996
652,86,51.3892
652,87,51.417100000000005
652,88,51.4293
652,89,51.4457
652,90,51.5505
652,91,51.61500000000001
652,92,51.6871
652,93,51.714200000000005
652,94,51.7706
652,95,51.817
652,96,51.89439999999999
652,97,51.905
652,98,51.9678
652,99,51.9818
652,100,52.0484
689,1,47.158300000000004
689,2,47.2221
689,3,47.223800000000004
689,4,47.3293
689,5,47.4788
689,6,47.549099999999996
689,7,47.6272
689,8,47.6778
689,9,47.689899999999994
689,10,47.7282
689,11,47.7827
689,12,47.8752
689,13,47.9393
689,14,48.0271
689,15,48.0703
689,16,48.147
689,17,48.156
689,18,48.215599999999995
689,19,48.2606
689,20,48.2641
689,21,48.3341
689,22,48.357000000000006
689,23,48.361
689,24,48.373099999999994
689,25,48.442099999999996
689,26,48.489599999999996
689,27,48.5233
689,28,48.554100000000005
689,29,48.5797
689,30,48.6534
689,31,48.70700000000001
689,32,48.751400000000004
689,33,48.7957
689,34,48.8513
689,35,48.9165
689,36,48.95569999999999
689,37,49.0535
689,38,49.112399999999994
689,39,49.1546
689,40,49.202
689,41,49.2567
689,42,49.3049
689,43,49.3463
689,44,49.392399999999995
689,45,49.4396
689,46,49.501400000000004
689,47,49.5106
689,48,49.536100000000005
689,49,49.5522
689,50,49.64149999999999
689,51,49.6536
689,52,49.7543
689,53,49.756600000000006
689,54,49.8288
689,55,49.8695
689,56,49.911500000000004
689,57,49.9615
689,58,50.0116
689,59,50.05480000000001
689,60,50.084900000000005
689,61,50.1901
689,62,50.2588
689,63,50.293000000000006
689,64,50.3428
689,65,50.3511
689,66,50.32770000000001
689,67,50.364599999999996
689,68,50.3999
689,69,50.4019
689,70,50.43860000000001
689,71,50.485800000000005
689,72,50.5038
689,73,50.580000000000005
689,74,50.5933
689,75,50.607
689,76,50.6348
689,77,50.6373
689,78,50.7047
689,79,50.73010000000001
689,80,50.7991
689,81,50.8175
689,82,50.8403
689,83,50.8883
689,84,50.9755
689,85,50.983
689,86,50.999399999999994
689,87,51.05029999999999
689,88,51.093500000000006
689,89,51.0976
689,90,51.18310000000001
689,91,51.2195
689,92,51.2847
689,93,51.3292
689,94,51.379099999999994
689,95,51.4157
689,96,51.4386
689,97,51.499599999999994
689,98,51.5141
689,99,51.62639999999999
689,100,51.625600000000006
733,1,47.1219
733,2,47.18000000000001
733,3,47.2062
733,4,47.2978
733,5,47.3593
733,6,47.4112
733,7,47.5145
733,8,47.5753
733,9,47.6703
733,10,47.7589
733,11,47.8177
733,12,47.860600000000005
733,13,48.012299999999996
733,14,48.0961
733,15,48.1703
733,16,48.22539999999999
733,17,48.2737
733,18,48.3245
733,19,48.33409999999999
733,20,48.33539999999999
733,21,48.4274
733,22,48.5326
733,23,48.5357
733,24,48.557
733,25,48.6147
733,26,48.677099999999996
733,27,48.7488
733,28,48.8181
733,29,48.8886
733,30,48.90219999999999
733,31,48.950900000000004
733,32,49.045700000000004
733,33,49.0942
733,34,49.174600000000005
733,35,49.1845
733,36,49.223600000000005
733,37,49.2363
733,38,49.2979
733,39,49.3497
733,40,49.382400000000004
733,41,49.4143
733,42,49.4878
733,43,49.540600000000005
733,44,49.575300000000006
733,45,49.6585
733,46,49.75840000000001
733,47,49.7966
733,48,49.799299999999995
733,49,49.8111
733,50,49.8861
733,51,49.95389999999999
733,52,50.036100000000005
733,53,50.0935
733,54,50.095
733,55,50.1107
733,56,50.1496
733,57,50.1953
733,58,50.262100000000004
733,59,50.3039
733,60,50.3438
733,61,50.3913
733,62,50.4594
733,63,50.4657
733,64,50.539100000000005
733,65,50.5575
733,66,50.570499999999996
733,67,50.6224
733,68,50.6241
733,69,50.6395
733,70,50.647299999999994
733,71,50.663999999999994
733,72,50.7251
733,73,50.769099999999995
733,74,50.803200000000004
733,75,50.9107
733,76,50.9132
733,77,50.9481
733,78,50.9547
733,79,50.958499999999994
733,80,51.0206
733,81,51.0669
733,82,51.0901
733,83,51.150999999999996
733,84,51.1534
733,85,51.206
733,86,51.205799999999996
733,87,51.2228
733,88,51.3046
733,89,51.39120000000001
733,90,51.40180000000001
733,91,51.476299999999995
733,92,51.52250000000001
733,93,51.5476
733,94,51.55
733,95,51.55629999999999
733,96,51.639199999999995
733,97,51.652699999999996
733,98,51.6636
733,99,51.7201
733,100,51.8039
1065,1,47.15440000000001
1065,2,47.207300000000004
1065,3,47.2165
1065,4,47.3091
1065,5,47.352999999999994
1065,6,47.4216
1065,7,47.487399999999994
1065,8,47.5456
1065,9,47.6589
1065,10,47.7205
1065,11,47.8307
1065,12,47.8818
1065,13,47.92829999999999
1065,14,47.9684
1065,15,48.0798
1065,16,48.1304
1065,17,48.190799999999996
1065,18,48.2617
1065,19,48.275
1065,20,48.369
1065,21,48.4307
1065,22,48.505300000000005
1065,23,48.5897
1065,24,48.610699999999994
1065,25,48.6374
1065,26,48.70250000000001
1065,27,48.755300000000005
1065,28,48.8135
1065,29,48.902699999999996
1065,30,48.9668
1065,31,49.0201
1065,32,49.1066
1065,33,49.123900000000006
1065,34,49.1742
1065,35,49.2265
1065,36,49.3094
1065,37,49.3212
1065,38,49.394400000000005
1065,39,49.4318
1065,40,49.4862
1065,41,49.527699999999996
1065,42,49.6083
1065,43,49.6158
1065,44,49.71169999999999
1065,45,49.7268
1065,46,49.78959999999999
1065,47,49.8176
1065,48,49.8871
1065,49,49.8962
1065,50,49.947700000000005
1065,51,49.9995
1065,52,50.052099999999996
1065,53,50.0608
1065,54,50.127700000000004
1065,55,50.1456
1065,56,50.2171
1065,57,50.2653
1065,58,50.31360000000001
1065,59,50.4026
1065,60,50.4526
1065,61,50.5781
1065,62,50.62819999999999
1065,63,50.761300000000006
1065,64,50.8312
1065,65,50.8302
1065,66,50.85170000000001
1065,67,50.8542
1065,68,50.922200000000004
1065,69,50.989900000000006
1065,70,51.054500000000004
1065,71,51.1435
1065,72,51.1605
1065,73,51.2125
1065,74,51.21810000000001
1065,75,51.2463
1065,76,51.2564
1065,77,51.2759
1065,78,51.286899999999996
1065,79,51.297200000000004
1065,80,51.3647
1065,81,51.3679
1065,82,51.414100000000005
1065,83,51.4527
1065,84,51.4494
1065,85,51.45339999999999
1065,86,51.471199999999996
1065,87,51.4824
1065,88,51.513099999999994
1065,89,51.58669999999999
1065,90,51.6275
1065,91,51.6302
1065,92,51.65960000000001
1065,93,51.674499999999995
1065,94,51.7144
1065,95,51.71719999999999
1065,96,51.765100000000004
1065,97,51.77029999999999
1065,98,51.779399999999995
1065,99,51.828
1065,100,51.84020000000001
1149,1,47.1262
1149,2,47.1911
1149,3,47.2661
1149,4,47.2919
1149,5,47.4066
1149,6,47.47280000000001
1149,7,47.56869999999999
1149,8,47.57619999999999
1149,9,47.641
1149,10,47.6937
1149,11,47.7596
1149,12,47.810199999999995
1149,13,47.895300000000006
1149,14,47.918899999999994
1149,15,48.0336
1149,16,48.07739999999999
1149,17,48.0908
1149,18,48.1818
1149,19,48.1969
1149,20,48.2179
1149,21,48.2744
1149,22,48.337500000000006
1149,23,48.4264
1149,24,48.4959
1149,25,48.55590000000001
1149,26,48.6216
1149,27,48.6951
1149,28,48.7642
1149,29,48.7809
1149,30,48.80590000000001
1149,31,48.873400000000004
1149,32,48.878699999999995
1149,33,48.885000000000005
1149,34,48.9077
1149,35,48.915099999999995
1149,36,48.948100000000004
1149,37,49.053200000000004
1149,38,49.1041
1149,39,49.153800000000004
1149,40,49.211600000000004
1149,41,49.26279999999999
1149,42,49.3189
1149,43,49.3225
1149,44,49.33850000000001
1149,45,49.35430000000001
1149,46,49.3565
1149,47,49.4197
1149,48,49.425799999999995
1149,49,49.4717
1149,50,49.4787
1149,51,49.53689999999999
1149,52,49.58109999999999
1149,53,49.649100000000004
1149,54,49.6873
1149,55,49.7881
1149,56,49.813599999999994
1149,57,49.8381
1149,58,49.851699999999994
1149,59,49.902300000000004
1149,60,49.906400000000005
1149,61,49.9248
1149,62,49.9376
1149,63,50.0013
1149,64,50.0196
1149,65,50.039
1149,66,50.0912
1149,67,50.105700000000006
1149,68,50.144000000000005
1149,69,50.248099999999994
1149,70,50.268100000000004
1149,71,50.26089999999999
1149,72,50.3511
1149,73,50.4179
1149,74,50.42519999999999
1149,75,50.43520000000001
1149,76,50.497600000000006
1149,77,50.56150000000001
1149,78,50.6726
1149,79,50.7265
1149,80,50.760799999999996
1149,81,50.843500000000006
1149,82,50.9209
1149,83,50.9882
1149,84,51.029
1149,85,51.0318
1149,86,51.037800000000004
1149,87,51.0783
1149,88,51.080400000000004
1149,89,51.0953
1149,90,51.14070000000001
1149,91,51.145700000000005
1149,92,51.15460000000001
1149,93,51.2286
1149,94,51.233200000000004
1149,95,51.2535
1149,96,51.2568
1149,97,51.2975
1149,98,51.31559999999999
1149,99,51.37669999999999
1149,100,51.3792
1232,1,47.1476
1232,2,47.2392
1232,3,47.2659
1232,4,47.325100000000006
1232,5,47.3605
1232,6,47.411699999999996
1232,7,47.4484
1232,8,47.4781
1232,9,47.5203
1232,10,47.6087
1232,11,47.6181
1232,12,47.6337
1232,13,47.6896
1232,14,47.76220000000001
1232,15,47.774100000000004
1232,16,47.839999999999996
1232,17,47.8944
1232,18,47.9626
1232,19,48.0415
1232,20,48.114000000000004
1232,21,48.2251
1232,22,48.288399999999996
1232,23,48.3499
1232,24,48.40069999999999
1232,25,48.4686
1232,26,48.5577
1232,27,48.558499999999995
1232,28,48.674800000000005
1232,29,48.7647
1232,30,48.8578
1232,31,48.8918
1232,32,48.9526
1232,33,49.004400000000004
1232,34,49.0225
1232,35,49.07769999999999
1232,36,49.111900000000006
1232,37,49.117900000000006
1232,38,49.1225
1232,39,49.1285
1232,40,49.1787
1232,41,49.2529
1232,42,49.266
1232,43,49.318599999999996
1232,44,49.3861
1232,45,49.4452
1232,46,49.4486
1232,47,49.486
1232,48,49.5372
1232,49,49.5389
1232,50,49.554199999999994
1232,51,49.559099999999994
1232,52,49.5745
1232,53,49.581300000000006
1232,54,49.590599999999995
1232,55,49.6468
1232,56,49.663399999999996
1232,57,49.7342
1232,58,49.7538
1232,59,49.80369999999999
1232,60,49.865700000000004
1232,61,49.9396
1232,62,50.0424
1232,63,50.093900000000005
1232,64,50.17529999999999
1232,65,50.2395
1232,66,50.295700000000004
1232,67,50.29130000000001
1232,68,50.3425
1232,69,50.4063
1232,70,50.4274
1232,71,50.43079999999999
1232,72,50.4985
1232,73,50.4956
1232,74,50.5114
1232,75,50.5262
1232,76,50.6056
1232,77,50.6199
1232,78,50.6873
1232,79,50.690599999999996
1232,80,50.72260000000001
1232,81,50.7358
1232,82,50.76010000000001
1232,83,50.770700000000005
1232,84,50.7787
1232,85,50.8626
1232,86,50.9512
1232,87,51.03059999999999
1232,88,51.037499999999994
1232,89,51.0463
1232,90,51.0904
1232,91,51.1026
1232,92,51.098400000000005
1232,93,51.1096
1232,94,51.1942
1232,95,51.241099999999996
1232,96,51.240500000000004
1232,97,51.2984
1232,98,51.308899999999994
1232,99,51.31100000000001
1232,100,51.3621
1273,1,47.1465
1273,2,47.1914
1273,3,47.245900000000006
1273,4,47.2945
1273,5,47.3296
1273,6,47.401300000000006
1273,7,47.4666
1273,8,47.5411
1273,9,47.627900000000004
1273,10,47.6832
1273,11,47.762100000000004
1273,12,47.913399999999996
1273,13,47.9743
1273,14,48.094100000000005
1273,15,48.169399999999996
1273,16,48.231899999999996
1273,17,48.31870000000001
1273,18,48.343700000000005
1273,19,48.3464
1273,20,48.4203
1273,21,48.4816
1273,22,48.5171
1273,23,48.5717
1273,24,48.6255
1273,25,48.6292
1273,26,48.670199999999994
1273,27,48.7427
1273,28,48.8288
1273,29,48.894800000000004
1273,30,48.964800000000004
1273,31,49.03490000000001
1273,32,49.0519
1273,33,49.11370000000001
1273,34,49.175200000000004
1273,35,49.18950000000001
1273,36,49.2551
1273,37,49.3073
1273,38,49.3752
1273,39,49.41210000000001
1273,40,49.43220000000001
1273,41,49.49250000000001
1273,42,49.5422
1273,43,49.6195
1273,44,49.6591
1273,45,49.692800000000005
1273,46,49.707499999999996
1273,47,49.79089999999999
1273,48,49.8426
1273,49,49.902699999999996
1273,50,49.908699999999996
1273,51,49.913399999999996
1273,52,49.98519999999999
1273,53,50.04520000000001
1273,54,50.049099999999996
1273,55,50.107600000000005
1273,56,50.118700000000004
1273,57,50.1643
1273,58,50.2181
1273,59,50.2304
1273,60,50.2447
1273,61,50.312
1273,62,50.328599999999994
1273,63,50.3859
1273,64,50.412
1273,65,50.414
1273,66,50.5056
1273,67,50.5085
1273,68,50.5393
1273,69,50.5885
1273,70,50.602000000000004
1273,71,50.64169999999999
1273,72,50.68379999999999
1273,73,50.726299999999995
1273,74,50.73400000000001
1273,75,50.8428
1273,76,50.9
1273,77,51.00070000000001
1273,78,51.09039999999999
1273,79,51.1494
1273,80,51.1704
1273,81,51.23459999999999
1273,82,51.2416
1273,83,51.2944
1273,84,51.3416
1273,85,51.4391
1273,86,51.55729999999999
1273,87,51.5764
1273,88,51.580099999999995
1273,89,51.678
1273,90,51.715399999999995
1273,91,51.7265
1273,92,51.7957
1273,93,51.8515
1273,94,51.8672
1273,95,51.9952
1273,96,52.0078
1273,97,52.0031
1273,98,52.012299999999996
1273,99,52.0166
1273,100,52.0878
1356,1,47.140299999999996
1356,2,47.2299
1356,3,47.286500000000004
1356,4,47.3618
1356,5,47.4426
1356,6,47.5099
1356,7,47.567400000000006
1356,8,47.6389
1356,9,47.6505
1356,10,47.661199999999994
1356,11,47.7071
1356,12,47.7652
1356,13,47.8378
1356,14,47.85170000000001
1356,15,47.9066
1356,16,47.99820000000001
1356,17,48.09649999999999
1356,18,48.1468
1356,19,48.16499999999999
1356,20,48.2162
1356,21,48.3319
1356,22,48.3888
1356,23,48.462700000000005
1356,24,48.479699999999994
1356,25,48.5347
1356,26,48.545100000000005
1356,27,48.5544
1356,28,48.6374
1356,29,48.6871
1356,30,48.7359
1356,31,48.7873
1356,32,48.79
1356,33,48.803
1356,34,48.816
1356,35,48.9046
1356,36,48.9701
1356,37,48.9829
1356,38,48.998599999999996
1356,39,49.0231
1356,40,49.0697
1356,41,49.085899999999995
1356,42,49.1507
1356,43,49.19890000000001
1356,44,49.2639
1356,45,49.29860000000001
1356,46,49.32260000000001
1356,47,49.3789
1356,48,49.47529999999999
1356,49,49.533300000000004
1356,50,49.5548
1356,51,49.5712
1356,52,49.6039
1356,53,49.680400000000006
1356,54,49.7367
1356,55,49.7645
1356,56,49.8159
1356,57,49.83489999999999
1356,58,49.845200000000006
1356,59,49.9018
1356,60,49.9596
1356,61,50.0048
1356,62,50.009699999999995
1356,63,50.024100000000004
1356,64,50.055299999999995
1356,65,50.0685
1356,66,50.1193
1356,67,50.1592
1356,68,50.218
1356,69,50.222
1356,70,50.3035
1356,71,50.3174
1356,72,50.3632
1356,73,50.3793
1356,74,50.401
1356,75,50.46530000000001
1356,76,50.5313
1356,77,50.5861
1356,78,50.5905
1356,79,50.6026
1356,80,50.6123
1356,81,50.62409999999999
1356,82,50.675200000000004
1356,83,50.7399
1356,84,50.7981
1356,85,50.86579999999999
1356,86,50.9159
1356,87,50.9734
1356,88,51.0103
1356,89,51.0882
1356,90,51.15990000000001
1356,91,51.177899999999994
1356,92,51.1965
1356,93,51.2006
1356,94,51.229600000000005
1356,95,51.2579
1356,96,51.3069
1356,97,51.31999999999999
1356,98,51.3489
1356,99,51.38810000000001
1356,100,51.391999999999996
1561,1,47.1322
1561,2,47.225699999999996
1561,3,47.3207
1561,4,47.364200000000004
1561,5,47.417500000000004
1561,6,47.469300000000004
1561,7,47.57299999999999
1561,8,47.6249
1561,9,47.703500000000005
1561,10,47.7565
1561,11,47.7584
1561,12,47.7737
1561,13,47.818200000000004
1561,14,47.8223
1561,15,47.9269
1561,16,47.9888
1561,17,48.0444
1561,18,48.1264
1561,19,48.177800000000005
1561,20,48.3261
1561,21,48.3802
1561,22,48.4389
1561,23,48.5102
1561,24,48.566599999999994
1561,25,48.6345
1561,26,48.662000000000006
1561,27,48.6994
1561,28,48.7268
1561,29,48.7311
1561,30,48.807
1561,31,48.857099999999996
1561,32,48.8771
1561,33,48.9218
1561,34,49.0009
1561,35,49.0329
1561,36,49.0821
1561,37,49.141000000000005
1561,38,49.164
1561,39,49.2144
1561,40,49.2282
1561,41,49.238
1561,42,49.2806
1561,43,49.32170000000001
1561,44,49.374
1561,45,49.4284
1561,46,49.4966
1561,47,49.532700000000006
1561,48,49.5656
1561,49,49.6011
1561,50,49.657799999999995
1561,51,49.7014
1561,52,49.7438
1561,53,49.8324
1561,54,49.8652
1561,55,49.925700000000006
1561,56,50.033899999999996
1561,57,50.0456
1561,58,50.04820000000001
1561,59,50.1114
1561,60,50.163399999999996
1561,61,50.208
1561,62,50.2626
1561,63,50.290499999999994
1561,64,50.3169
1561,65,50.3727
1561,66,50.408100000000005
1561,67,50.4996
1561,68,50.5662
1561,69,50.581999999999994
1561,70,50.608599999999996
1561,71,50.660399999999996
1561,72,50.7184
1561,73,50.77820000000001
1561,74,50.869
1561,75,50.8797
1561,76,50.942099999999996
1561,77,50.958
1561,78,50.977000000000004
1561,79,51.00300000000001
1561,80,51.0321
1561,81,51.04639999999999
1561,82,51.103100000000005
1561,83,51.1117
1561,84,51.19129999999999
1561,85,51.193799999999996
1561,86,51.23009999999999
1561,87,51.239900000000006
1561,88,51.2561
1561,89,51.2916
1561,90,51.29939999999999
1561,91,51.315499999999986
1561,92,51.362300000000005
1561,93,51.3818
1561,94,51.415000000000006
1561,95,51.4511
1561,96,51.4582
1561,97,51.463800000000006
1561,98,51.46579999999999
1561,99,51.468599999999995
1561,100,51.534400000000005
1845,1,47.15440000000001
1845,2,47.2213
1845,3,47.3042
1845,4,47.4166
1845,5,47.4829
1845,6,47.53360000000001
1845,7,47.581900000000005
1845,8,47.627300000000005
1845,9,47.68339999999999
1845,10,47.729800000000004
1845,11,47.800000000000004
1845,12,47.89319999999999
1845,13,48.0029
1845,14,48.052099999999996
1845,15,48.1326
1845,16,48.2011
1845,17,48.2432
1845,18,48.2987
1845,19,48.3621
1845,20,48.368300000000005
1845,21,48.4243
1845,22,48.452600000000004
1845,23,48.4756
1845,24,48.5631
1845,25,48.612300000000005
1845,26,48.661699999999996
1845,27,48.7095
1845,28,48.7462
1845,29,48.7505
1845,30,48.8006
1845,31,48.8451
1845,32,48.8882
1845,33,48.8999
1845,34,48.9547
1845,35,49.0154
1845,36,49.085
1845,37,49.120000000000005
1845,38,49.1459
1845,39,49.266000000000005
1845,40,49.32170000000001
1845,41,49.3519
1845,42,49.3548
1845,43,49.431700000000006
1845,44,49.4478
1845,45,49.547399999999996
1845,46,49.605599999999995
1845,47,49.662499999999994
1845,48,49.7178
1845,49,49.7791
1845,50,49.8665
1845,51,49.918899999999994
1845,52,49.9483
1845,53,50.050799999999995
1845,54,50.106300000000005
1845,55,50.163399999999996
1845,56,50.172700000000006
1845,57,50.248599999999996
1845,58,50.309
1845,59,50.4007
1845,60,50.47800000000001
1845,61,50.483000000000004
1845,62,50.573800000000006
1845,63,50.6755
1845,64,50.7324
1845,65,50.777
1845,66,50.80409999999999
1845,67,50.8481
1845,68,50.90880000000001
1845,69,50.956399999999995
1845,70,50.9584
1845,71,50.9957
1845,72,51.0543
1845,73,51.0969
1845,74,51.1678
1845,75,51.1978
1845,76,51.2329
1845,77,51.297799999999995
1845,78,51.35209999999999
1845,79,51.430499999999995
1845,80,51.49269999999999
1845,81,51.569700000000005
1845,82,51.63029999999999
1845,83,51.6918
1845,84,51.77889999999999
1845,85,51.8458
1845,86,51.9826
1845,87,52.07769999999999
1845,88,52.09320000000001
1845,89,52.107299999999995
1845,90,52.1218
1845,91,52.170100000000005
1845,92,52.17540000000001
1845,93,52.31009999999999
1845,94,52.34850000000001
1845,95,52.44369999999999
1845,96,52.504400000000004
1845,97,52.588300000000004
1845,98,52.6875
1845,99,52.695699999999995
1845,100,52.706199999999995
1858,1,47.106899999999996
1858,2,47.2174
1858,3,47.2858
1858,4,47.374300000000005
1858,5,47.425700000000006
1858,6,47.5052
1858,7,47.5587
1858,8,47.609500000000004
1858,9,47.626599999999996
1858,10,47.703500000000005
1858,11,47.754999999999995
1858,12,47.8219
1858,13,47.833
1858,14,47.89189999999999
1858,15,47.9464
1858,16,48.011900000000004
1858,17,48.0426
1858,18,48.1128
1858,19,48.21810000000001
1858,20,48.2708
1858,21,48.2914
1858,22,48.3056
1858,23,48.3463
1858,24,48.429899999999996
1858,25,48.505799999999994
1858,26,48.513000000000005
1858,27,48.522400000000005
1858,28,48.59139999999999
1858,29,48.5957
1858,30,48.658699999999996
1858,31,48.712500000000006
1858,32,48.749399999999994
1858,33,48.801
1858,34,48.86189999999999
1858,35,48.928799999999995
1858,36,48.98330000000001
1858,37,48.995599999999996
1858,38,49.02539999999999
1858,39,49.0376
1858,40,49.053399999999996
1858,41,49.1027
1858,42,49.177099999999996
1858,43,49.24549999999999
1858,44,49.3066
1858,45,49.3618
1858,46,49.37490000000001
1858,47,49.4406
1858,48,49.507799999999996
1858,49,49.558400000000006
1858,50,49.5787
1858,51,49.63770000000001
1858,52,49.72709999999999
1858,53,49.8174
1858,54,49.850899999999996
1858,55,49.94619999999999
1858,56,50.019800000000004
1858,57,50.0861
1858,58,50.091899999999995
1858,59,50.153800000000004
1858,60,50.2381
1858,61,50.24080000000001
1858,62,50.2851
1858,63,50.3224
1858,64,50.35239999999999
1858,65,50.424299999999995
1858,66,50.4393
1858,67,50.4445
1858,68,50.4543
1858,69,50.517599999999995
1858,70,50.5923
1858,71,50.6725
1858,72,50.7143
1858,73,50.751400000000004
1858,74,50.7864
1858,75,50.831
1858,76,50.89960000000001
1858,77,50.964
1858,78,51.04730000000001
1858,79,51.052400000000006
1858,80,51.070499999999996
1858,81,51.12819999999999
1858,82,51.1405
1858,83,51.185100000000006
1858,84,51.1871
1858,85,51.205
1858,86,51.300700000000006
1858,87,51.3935
1858,88,51.3947
1858,89,51.4277
1858,90,51.43360000000001
1858,91,51.4461
1858,92,51.5213
1858,93,51.59309999999999
1858,94,51.658
1858,95,51.6663
1858,96,51.72590000000001
1858,97,51.80709999999999
1858,98,51.899800000000006
1858,99,51.9611
1858,100,51.9724
2036,1,47.1363
2036,2,47.2899
2036,3,47.3977
2036,4,47.47239999999999
2036,5,47.5305
2036,6,47.5106
2036,7,47.562400000000004
2036,8,47.682599999999994
2036,9,47.733900000000006
2036,10,47.833299999999994
2036,11,47.8874
2036,12,47.899699999999996
2036,13,47.9432
2036,14,48.010000000000005
2036,15,48.0415
2036,16,48.12689999999999
2036,17,48.1933
2036,18,48.2779
2036,19,48.3219
2036,20,48.3334
2036,21,48.3579
2036,22,48.410799999999995
2036,23,48.4157
2036,24,48.481399999999994
2036,25,48.5497
2036,26,48.5594
2036,27,48.6408
2036,28,48.6629
2036,29,48.68729999999999
2036,30,48.75319999999999
2036,31,48.8143
2036,32,48.833200000000005
2036,33,48.9129
2036,34,48.925700000000006
2036,35,48.9969
2036,36,49.0073
2036,37,49.060399999999994
2036,38,49.0744
2036,39,49.1104
2036,40,49.1967
2036,41,49.292
2036,42,49.372
2036,43,49.4036
2036,44,49.4812
2036,45,49.50030000000001
2036,46,49.5356
2036,47,49.600300000000004
2036,48,49.6422
2036,49,49.648199999999996
2036,50,49.69579999999999
2036,51,49.768699999999995
2036,52,49.814299999999996
2036,53,49.8909
2036,54,49.984300000000005
2036,55,49.996399999999994
2036,56,50.0842
2036,57,50.13640000000001
2036,58,50.13770000000001
2036,59,50.14490000000001
2036,60,50.1593
2036,61,50.1742
2036,62,50.2123
2036,63,50.225899999999996
2036,64,50.33560000000001
2036,65,50.401700000000005
2036,66,50.45779999999999
2036,67,50.50020000000001
2036,68,50.50320000000001
2036,69,50.5213
2036,70,50.590199999999996
2036,71,50.625299999999996
2036,72,50.7132
2036,73,50.75659999999999
2036,74,50.811800000000005
2036,75,50.8429
2036,76,50.954600000000006
2036,77,51.011300000000006
2036,78,51.0617
2036,79,51.0755
2036,80,51.161199999999994
2036,81,51.165299999999995
2036,82,51.195
2036,83,51.1998
2036,84,51.2538
2036,85,51.322500000000005
2036,86,51.3818
2036,87,51.420899999999996
2036,88,51.4341
2036,89,51.44499999999999
2036,90,51.4501
2036,91,51.544700000000006
2036,92,51.650999999999996
2036,93,51.7309
2036,94,51.8023
2036,95,51.84620000000001
2036,96,51.8599
2036,97,51.9344
2036,98,51.990500000000004
2036,99,52.0574
2036,100,52.064499999999995
2067,1,47.1104
2067,2,47.17359999999999
2067,3,47.266600000000004
2067,4,47.3484
2067,5,47.409800000000004
2067,6,47.5018
2067,7,47.540499999999994
2067,8,47.5561
2067,9,47.5913
2067,10,47.6512
2067,11,47.6669
2067,12,47.671800000000005
2067,13,47.76240000000001
2067,14,47.8164
2067,15,47.903
2067,16,47.9649
2067,17,47.9977
2067,18,48.069700000000005
2067,19,48.0761
2067,20,48.1087
2067,21,48.180800000000005
2067,22,48.2406
2067,23,48.290200000000006
2067,24,48.330200000000005
2067,25,48.436099999999996
2067,26,48.486999999999995
2067,27,48.5405
2067,28,48.6106
2067,29,48.6703
2067,30,48.73350000000001
2067,31,48.8149
2067,32,48.9144
2067,33,48.971000000000004
2067,34,49.0502
2067,35,49.053700000000006
2067,36,49.1165
2067,37,49.184099999999994
2067,38,49.2428
2067,39,49.285000000000004
2067,40,49.28620000000001
2067,41,49.311899999999994
2067,42,49.327
2067,43,49.418800000000005
2067,44,49.5072
2067,45,49.557900000000004
2067,46,49.6078
2067,47,49.6951
2067,48,49.72520000000001
2067,49,49.744099999999996
2067,50,49.783100000000005
2067,51,49.8493
2067,52,49.8799
2067,53,49.9383
2067,54,50.012299999999996
2067,55,50.085899999999995
2067,56,50.1438
2067,57,50.148799999999994
2067,58,50.179899999999996
2067,59,50.19669999999999
2067,60,50.2197
2067,61,50.260400000000004
2067,62,50.318200000000004
2067,63,50.36720000000001
2067,64,50.382099999999994
2067,65,50.3934
2067,66,50.396100000000004
2067,67,50.4833
2067,68,50.523300000000006
2067,69,50.52550000000001
2067,70,50.5394
2067,71,50.5719
2067,72,50.5968
2067,73,50.599399999999996
2067,74,50.6328
2067,75,50.638400000000004
2067,76,50.659099999999995
2067,77,50.7114
2067,78,50.7318
2067,79,50.7607
2067,80,50.8255
2067,81,50.9002
2067,82,50.9736
2067,83,50.9758
2067,84,51.018600000000006
2067,85,51.089600000000004
2067,86,51.1533
2067,87,51.154700000000005
2067,88,51.2139
2067,89,51.2302
2067,90,51.229
2067,91,51.3166
2067,92,51.397000000000006
2067,93,51.40219999999999
2067,94,51.405
2067,95,51.4396
2067,96,51.446200000000005
2067,97,51.4657
2067,98,51.5238
2067,99,51.5595
2067,100,51.5628
2133,1,47.1326
2133,2,47.2204
2133,3,47.3051
2133,4,47.3768
2133,5,47.4678
2133,6,47.52160000000001
2133,7,47.5737
2133,8,47.6314
2133,9,47.7107
2133,10,47.7809
2133,11,47.831199999999995
2133,12,47.8334
2133,13,47.879000000000005
2133,14,47.9143
2133,15,47.985
2133,16,48.057900000000004
2133,17,48.12179999999999
2133,18,48.184799999999996
2133,19,48.2041
2133,20,48.281099999999995
2133,21,48.2855
2133,22,48.29729999999999
2133,23,48.3421
2133,24,48.3621
2133,25,48.42309999999999
2133,26,48.490399999999994
2133,27,48.5488
2133,28,48.5527
2133,29,48.618599999999994
2133,30,48.6351
2133,31,48.683099999999996
2133,32,48.6927
2133,33,48.759
2133,34,48.7958
2133,35,48.841499999999996
2133,36,48.8852
2133,37,48.9569
2133,38,48.9801
2133,39,49.06
2133,40,49.1209
2133,41,49.189899999999994
2133,42,49.259600000000006
2133,43,49.2684
2133,44,49.3262
2133,45,49.3594
2133,46,49.4105
2133,47,49.423100000000005
2133,48,49.489900000000006
2133,49,49.53810000000001
2133,50,49.6177
2133,51,49.6301
2133,52,49.748000000000005
2133,53,49.7707
2133,54,49.8348
2133,55,49.9139
2133,56,49.963499999999996
2133,57,50.059
2133,58,50.116200000000006
2133,59,50.1443
2133,60,50.181
2133,61,50.2578
2133,62,50.3581
2133,63,50.417699999999996
2133,64,50.441100000000006
2133,65,50.487100000000005
2133,66,50.4976
2133,67,50.5018
2133,68,50.536199999999994
2133,69,50.5954
2133,70,50.629599999999996
2133,71,50.69540000000001
2133,72,50.78039999999999
2133,73,50.83410000000001
2133,74,50.89490000000001
2133,75,51.01
2133,76,51.108399999999996
2133,77,51.1113
2133,78,51.141400000000004
2133,79,51.167100000000005
2133,80,51.270799999999994
2133,81,51.2859
2133,82,51.3326
2133,83,51.3463
2133,84,51.361399999999996
2133,85,51.3752
2133,86,51.379599999999996
2133,87,51.43970000000001
2133,88,51.482099999999996
2133,89,51.496300000000005
2133,90,51.55489999999999
2133,91,51.67
2133,92,51.762100000000004
2133,93,51.76650000000001
2133,94,51.7864
2133,95,51.7776
2133,96,51.7975
2133,97,51.8658
2133,98,51.88420000000001
2133,99,51.895900000000005
2133,100,51.8895
2141,1,47.1326
2141,2,47.2291
2141,3,47.288799999999995
2141,4,47.3399
2141,5,47.425700000000006
2141,6,47.501099999999994
2141,7,47.5055
2141,8,47.596199999999996
2141,9,47.68430000000001
2141,10,47.7334
2141,11,47.8061
2141,12,47.876599999999996
2141,13,47.9456
2141,14,47.98009999999999
2141,15,48.0331
2141,16,48.106300000000005
2141,17,48.164199999999994
2141,18,48.2894
2141,19,48.3132
2141,20,48.3203
2141,21,48.3619
2141,22,48.4328
2141,23,48.4924
2141,24,48.53830000000001
2141,25,48.592699999999994
2141,26,48.6409
2141,27,48.731
2141,28,48.7456
2141,29,48.796499999999995
2141,30,48.839
2141,31,48.9012
2141,32,48.947
2141,33,49.0308
2141,34,49.06540000000001
2141,35,49.081100000000006
2141,36,49.1134
2141,37,49.1624
2141,38,49.229400000000005
2141,39,49.291799999999995
2141,40,49.33539999999999
2141,41,49.40599999999999
2141,42,49.4676
2141,43,49.501799999999996
2141,44,49.557599999999994
2141,45,49.6418
2141,46,49.68799999999999
2141,47,49.742599999999996
2141,48,49.7958
2141,49,49.8245
2141,50,49.8544
2141,51,49.878
2141,52,49.935100000000006
2141,53,49.986799999999995
2141,54,50.0493
2141,55,50.1101
2141,56,50.1344
2141,57,50.202200000000005
2141,58,50.2564
2141,59,50.3061
2141,60,50.328500000000005
2141,61,50.3363
2141,62,50.3418
2141,63,50.39829999999999
2141,64,50.468199999999996
2141,65,50.47559999999999
2141,66,50.4793
2141,67,50.504999999999995
2141,68,50.5325
2141,69,50.5733
2141,70,50.5844
2141,71,50.6267
2141,72,50.6867
2141,73,50.72840000000001
2141,74,50.732099999999996
2141,75,50.74319999999999
2141,76,50.80459999999999
2141,77,50.83059999999999
2141,78,50.868
2141,79,50.909000000000006
2141,80,51.021
2141,81,51.091699999999996
2141,82,51.0941
2141,83,51.1031
2141,84,51.1691
2141,85,51.246300000000005
2141,86,51.2797
2141,87,51.35220000000001
2141,88,51.4269
2141,89,51.4891
2141,90,51.5089
2141,91,51.5414
2141,92,51.6374
2141,93,51.7012
2141,94,51.751200000000004
2141,95,51.831999999999994
2141,96,51.837199999999996
2141,97,51.8479
2141,98,51.89359999999999
2141,99,51.9362
2141,100,51.9377
2177,1,47.1515
2177,2,47.2187
2177,3,47.2522
2177,4,47.306799999999996
2177,5,47.3656
2177,6,47.4761
2177,7,47.5574
2177,8,47.6408
2177,9,47.642700000000005
2177,10,47.696799999999996
2177,11,47.7114
2177,12,47.7963
2177,13,47.8087
2177,14,47.8667
2177,15,47.96169999999999
2177,16,47.9722
2177,17,47.9859
2177,18,48.0578
2177,19,48.126200000000004
2177,20,48.1764
2177,21,48.1766
2177,22,48.21390000000001
2177,23,48.267700000000005
2177,24,48.320499999999996
2177,25,48.389399999999995
2177,26,48.431000000000004
2177,27,48.485600000000005
2177,28,48.5575
2177,29,48.6095
2177,30,48.6836
2177,31,48.7552
2177,32,48.803200000000004
2177,33,48.8164
2177,34,48.87349999999999
2177,35,48.8758
2177,36,48.8921
2177,37,48.965700000000005
2177,38,49.014300000000006
2177,39,49.071299999999994
2177,40,49.129999999999995
2177,41,49.1855
2177,42,49.2495
2177,43,49.327200000000005
2177,44,49.33879999999999
2177,45,49.36959999999999
2177,46,49.3724
2177,47,49.4173
2177,48,49.4718
2177,49,49.5334
2177,50,49.57610000000001
2177,51,49.6043
2177,52,49.6412
2177,53,49.649300000000004
2177,54,49.703900000000004
2177,55,49.8082
2177,56,49.813700000000004
2177,57,49.814
2177,58,49.8449
2177,59,49.8901
2177,60,49.892700000000005
2177,61,49.9618
2177,62,49.96339999999999
2177,63,49.9794
2177,64,50.0188
2177,65,50.0318
2177,66,50.129000000000005
2177,67,50.1495
2177,68,50.1963
2177,69,50.23440000000001
2177,70,50.301700000000004
2177,71,50.3729
2177,72,50.447
2177,73,50.461600000000004
2177,74,50.5275
2177,75,50.532000000000004
2177,76,50.562200000000004
2177,77,50.575
2177,78,50.5852
2177,79,50.604299999999995
2177,80,50.615899999999996
2177,81,50.631499999999996
2177,82,50.668899999999994
2177,83,50.6841
2177,84,50.7531
2177,85,50.79130000000001
2177,86,50.8205
2177,87,50.83520000000001
2177,88,50.852000000000004
2177,89,50.8798
2177,90,50.8723
2177,91,50.8909
2177,92,50.9178
2177,93,50.9915
2177,94,51.025600000000004
2177,95,51.1031
2177,96,51.183
2177,97,51.186699999999995
2177,98,51.2228
2177,99,51.283
2177,100,51.2822
2286,1,47.1422
2286,2,47.2436
2286,3,47.3315
2286,4,47.3794
2286,5,47.403999999999996
2286,6,47.454899999999995
2286,7,47.521100000000004
2286,8,47.573
2286,9,47.6627
2286,10,47.7458
2286,11,47.818400000000004
2286,12,47.896100000000004
2286,13,47.993399999999994
2286,14,48.0471
2286,15,48.064
2286,16,48.113299999999995
2286,17,48.182199999999995
2286,18,48.22200000000001
2286,19,48.2722
2286,20,48.2957
2286,21,48.318200000000004
2286,22,48.3629
2286,23,48.4388
2286,24,48.4621
2286,25,48.46169999999999
2286,26,48.554
2286,27,48.5914
2286,28,48.624300000000005
2286,29,48.6788
2286,30,48.783199999999994
2286,31,48.824799999999996
2286,32,48.829499999999996
2286,33,48.8843
2286,34,48.9404
2286,35,48.9964
2286,36,49.05330000000001
2286,37,49.10470000000001
2286,38,49.1558
2286,39,49.169500000000006
2286,40,49.228300000000004
2286,41,49.2412
2286,42,49.30800000000001
2286,43,49.35289999999999
2286,44,49.4525
2286,45,49.454800000000006
2286,46,49.5268
2286,47,49.5296
2286,48,49.6015
2286,49,49.671800000000005
2286,50,49.74229999999999
2286,51,49.7635
2286,52,49.7783
2286,53,49.7843
2286,54,49.8478
2286,55,49.912499999999994
2286,56,49.952799999999996
2286,57,49.973699999999994
2286,58,49.9946
2286,59,50.023399999999995
2286,60,50.0725
2286,61,50.163199999999996
2286,62,50.199600000000004
2286,63,50.244600000000005
2286,64,50.3073
2286,65,50.371300000000005
2286,66,50.370099999999994
2286,67,50.47090000000001
2286,68,50.51519999999999
2286,69,50.534400000000005
2286,70,50.54509999999999
2286,71,50.5907
2286,72,50.599999999999994
2286,73,50.6554
2286,74,50.69839999999999
2286,75,50.7564
2286,76,50.7866
2286,77,50.882
2286,78,50.932199999999995
2286,79,50.9965
2286,80,51.0681
2286,81,51.094300000000004
2286,82,51.1253
2286,83,51.1635
2286,84,51.2098
2286,85,51.306200000000004
2286,86,51.3786
2286,87,51.42100000000001
2286,88,51.497
2286,89,51.5121
2286,90,51.5668
2286,91,51.590999999999994
2286,92,51.629
2286,93,51.6759
2286,94,51.71339999999999
2286,95,51.7545
2286,96,51.758399999999995
2286,97,51.82469999999999
2286,98,51.83070000000001
2286,99,51.833600000000004
2286,100,51.8939
2411,1,47.1082
2411,2,47.193000000000005
2411,3,47.2853
2411,4,47.388600000000004
2411,5,47.4939
2411,6,47.5506
2411,7,47.61569999999999
2411,8,47.6623
2411,9,47.7196
2411,10,47.7483
2411,11,47.7525
2411,12,47.8116
2411,13,47.897400000000005
2411,14,47.9328
2411,15,48.0086
2411,16,48.1073
2411,17,48.1527
2411,18,48.1747
2411,19,48.18729999999999
2411,20,48.24379999999999
2411,21,48.2959
2411,22,48.353300000000004
2411,23,48.41030000000001
2411,24,48.4803
2411,25,48.506099999999996
2411,26,48.5723
2411,27,48.623099999999994
2411,28,48.674
2411,29,48.7108
2411,30,48.7454
2411,31,48.7535
2411,32,48.814299999999996
2411,33,48.8713
2411,34,48.882999999999996
2411,35,48.9306
2411,36,48.9579
2411,37,48.9923
2411,38,49.045399999999994
2411,39,49.0629
2411,40,49.1408
2411,41,49.2072
2411,42,49.274100000000004
2411,43,49.3358
2411,44,49.3896
2411,45,49.391400000000004
2411,46,49.42060000000001
2411,47,49.441500000000005
2411,48,49.5018
2411,49,49.5047
2411,50,49.564400000000006
2411,51,49.6391
2411,52,49.6644
2411,53,49.707800000000006
2411,54,49.731500000000004
2411,55,49.802400000000006
2411,56,49.8561
2411,57,49.918000000000006
2411,58,49.9255
2411,59,49.9944
2411,60,50.0537
2411,61,50.0643
2411,62,50.1158
2411,63,50.123900000000006
2411,64,50.13850000000001
2411,65,50.1894
2411,66,50.2213
2411,67,50.2401
2411,68,50.3226
2411,69,50.350300000000004
2411,70,50.3866
2411,71,50.43110000000001
2411,72,50.489799999999995
2411,73,50.5517
2411,74,50.6138
2411,75,50.65020000000001
2411,76,50.6911
2411,77,50.797200000000004
2411,78,50.834199999999996
2411,79,50.949999999999996
2411,80,50.976600000000005
2411,81,50.9841
2411,82,50.990500000000004
2411,83,51.0972
2411,84,51.135099999999994
2411,85,51.1725
2411,86,51.1755
2411,87,51.282399999999996
2411,88,51.336200000000005
2411,89,51.42450000000001
2411,90,51.466899999999995
2411,91,51.4901
2411,92,51.4936
2411,93,51.536100000000005
2411,94,51.541399999999996
2411,95,51.5742
2411,96,51.606
2411,97,51.712900000000005
2411,98,51.79060000000001
2411,99,51.873099999999994
2411,100,51.88419999999999
2767,1,47.172399999999996
2767,2,47.217
2767,3,47.2652
2767,4,47.3324
2767,5,47.3595
2767,6,47.468900000000005
2767,7,47.5797
2767,8,47.6074
2767,9,47.6686
2767,10,47.7156
2767,11,47.7641
2767,12,47.805800000000005
2767,13,47.882799999999996
2767,14,47.9439
2767,15,48.009299999999996
2767,16,48.0139
2767,17,48.063500000000005
2767,18,48.151399999999995
2767,19,48.167899999999996
2767,20,48.236999999999995
2767,21,48.3524
2767,22,48.3671
2767,23,48.42490000000001
2767,24,48.474000000000004
2767,25,48.5243
2767,26,48.5762
2767,27,48.640499999999996
2767,28,48.64649999999999
2767,29,48.6743
2767,30,48.7423
2767,31,48.78920000000001
2767,32,48.851200000000006
2767,33,48.908500000000004
2767,34,48.9523
2767,35,48.959900000000005
2767,36,49.022400000000005
2767,37,49.0629
2767,38,49.1357
2767,39,49.20479999999999
2767,40,49.2392
2767,41,49.303900000000006
2767,42,49.3787
2767,43,49.451800000000006
2767,44,49.5073
2767,45,49.5266
2767,46,49.58579999999999
2767,47,49.66
2767,48,49.6861
2767,49,49.6999
2767,50,49.7529
2767,51,49.84
2767,52,49.9234
2767,53,49.9259
2767,54,49.92840000000001
2767,55,49.9815
2767,56,50.0317
2767,57,50.044200000000004
2767,58,50.0482
2767,59,50.066
2767,60,50.166199999999996
2767,61,50.1772
2767,62,50.2521
2767,63,50.32170000000001
2767,64,50.3724
2767,65,50.443200000000004
2767,66,50.4645
2767,67,50.4694
2767,68,50.4948
2767,69,50.546899999999994
2767,70,50.55200000000001
2767,71,50.620999999999995
2767,72,50.662099999999995
2767,73,50.7112
2767,74,50.79299999999999
2767,75,50.8593
2767,76,50.947599999999994
2767,77,50.961400000000005
2767,78,50.964600000000004
2767,79,51.0325
2767,80,51.0523
2767,81,51.0662
2767,82,51.1282
2767,83,51.19500000000001
2767,84,51.2183
2767,85,51.22319999999999
2767,86,51.2265
2767,87,51.3084
2767,88,51.383399999999995
2767,89,51.428399999999996
2767,90,51.4316
2767,91,51.466499999999996
2767,92,51.462399999999995
2767,93,51.541
2767,94,51.554100000000005
2767,95,51.65480000000001
2767,96,51.660700000000006
2767,97,51.7268
2767,98,51.730999999999995
2767,99,51.7317
2767,100,51.7252
2843,1,47.1168
2843,2,47.199200000000005
2843,3,47.24850000000001
2843,4,47.313100000000006
2843,5,47.3369
2843,6,47.4291
2843,7,47.4701
2843,8,47.54100000000001
2843,9,47.632999999999996
2843,10,47.6888
2843,11,47.75279999999999
2843,12,47.8121
2843,13,47.8989
2843,14,47.9173
2843,15,47.9774
2843,16,48.019600000000004
2843,17,48.1695
2843,18,48.2531
2843,19,48.30350000000001
2843,20,48.3494
2843,21,48.3833
2843,22,48.429899999999996
2843,23,48.4765
2843,24,48.524899999999995
2843,25,48.60359999999999
2843,26,48.619
2843,27,48.67259999999999
2843,28,48.721999999999994
2843,29,48.7697
2843,30,48.7894
2843,31,48.871300000000005
2843,32,48.935900000000004
2843,33,48.99000000000001
2843,34,49.056799999999996
2843,35,49.120900000000006
2843,36,49.172
2843,37,49.2273
2843,38,49.29509999999999
2843,39,49.3608
2843,40,49.4257
2843,41,49.4387
2843,42,49.49720000000001
2843,43,49.5125
2843,44,49.5787
2843,45,49.582499999999996
2843,46,49.6532
2843,47,49.7261
2843,48,49.7377
2843,49,49.809
2843,50,49.84700000000001
2843,51,49.868700000000004
2843,52,49.9372
2843,53,49.940900000000006
2843,54,49.957
2843,55,49.9443
2843,56,50.006499999999996
2843,57,50.012899999999995
2843,58,50.0674
2843,59,50.11070000000001
2843,60,50.16850000000001
2843,61,50.2214
2843,62,50.255399999999995
2843,63,50.3056
2843,64,50.3713
2843,65,50.39190000000001
2843,66,50.4197
2843,67,50.477000000000004
2843,68,50.5201
2843,69,50.603300000000004
2843,70,50.6685
2843,71,50.682
2843,72,50.7439
2843,73,50.80779999999999
2843,74,50.8106
2843,75,50.825700000000005
2843,76,50.8403
2843,77,50.9037
2843,78,50.9143
2843,79,50.9295
2843,80,51.0329
2843,81,51.0602
2843,82,51.1078
2843,83,51.1597
2843,84,51.174499999999995
2843,85,51.2589
2843,86,51.2894
2843,87,51.3161
2843,88,51.40549999999999
2843,89,51.4334
2843,90,51.442099999999996
2843,91,51.46509999999999
2843,92,51.5137
2843,93,51.5604
2843,94,51.6108
2843,95,51.6591
2843,96,51.7559
2843,97,51.8113
2843,98,51.81800000000001
2843,99,51.8932
2843,100,52.008700000000005
2885,1,47.120400000000004
2885,2,47.188100000000006
2885,3,47.252
2885,4,47.330299999999994
2885,5,47.3326
2885,6,47.3483
2885,7,47.4079
2885,8,47.4593
2885,9,47.460899999999995
2885,10,47.5205
2885,11,47.6021
2885,12,47.6729
2885,13,47.728
2885,14,47.7839
2885,15,47.8391
2885,16,47.8888
2885,17,47.908
2885,18,47.9653
2885,19,48.0381
2885,20,48.0501
2885,21,48.1197
2885,22,48.1931
2885,23,48.25
2885,24,48.29950000000001
2885,25,48.3089
2885,26,48.4393
2885,27,48.5004
2885,28,48.589200000000005
2885,29,48.6004
2885,30,48.648900000000005
2885,31,48.681400000000004
2885,32,48.7104
2885,33,48.7946
2885,34,48.80799999999999
2885,35,48.854200000000006
2885,36,48.87519999999999
2885,37,48.942400000000006
2885,38,48.9636
2885,39,49.0106
2885,40,49.0839
2885,41,49.162000000000006
2885,42,49.2262
2885,43,49.285
2885,44,49.289500000000004
2885,45,49.3403
2885,46,49.4436
2885,47,49.5009
2885,48,49.5471
2885,49,49.59570000000001
2885,50,49.6141
2885,51,49.6201
2885,52,49.633
2885,53,49.636300000000006
2885,54,49.7056
2885,55,49.726200000000006
2885,56,49.787800000000004
2885,57,49.85740000000001
2885,58,49.9148
2885,59,49.9183
2885,60,49.9132
2885,61,49.929199999999994
2885,62,49.956199999999995
2885,63,50.0506
2885,64,50.08890000000001
2885,65,50.117599999999996
2885,66,50.190099999999994
2885,67,50.191900000000004
2885,68,50.2011
2885,69,50.248900000000006
2885,70,50.328599999999994
2885,71,50.320899999999995
2885,72,50.3266
2885,73,50.3338
2885,74,50.3793
2885,75,50.399800000000006
2885,76,50.476200000000006
2885,77,50.53530000000001
2885,78,50.6288
2885,79,50.6566
2885,80,50.7242
2885,81,50.7287
2885,82,50.784499999999994
2885,83,50.8577
2885,84,50.9198
2885,85,50.9289
2885,86,50.9857
2885,87,51.00580000000001
2885,88,51.046400000000006
2885,89,51.054199999999994
2885,90,51.06230000000001
2885,91,51.1289
2885,92,51.17850000000001
2885,93,51.227799999999995
2885,94,51.251900000000006
2885,95,51.32469999999999
2885,96,51.416500000000006
2885,97,51.429500000000004
2885,98,51.4521
2885,99,51.52759999999999
2885,100,51.5809
2887,1,47.0808
2887,2,47.167199999999994
2887,3,47.268699999999995
2887,4,47.3239
2887,5,47.3971
2887,6,47.4653
2887,7,47.5665
2887,8,47.6172
2887,9,47.6738
2887,10,47.7301
2887,11,47.8464
2887,12,47.8566
2887,13,47.9059
2887,14,47.964200000000005
2887,15,48.0304
2887,16,48.1198
2887,17,48.2033
2887,18,48.287099999999995
2887,19,48.357299999999995
2887,20,48.4163
2887,21,48.4465
2887,22,48.4994
2887,23,48.575
2887,24,48.646
2887,25,48.648399999999995
2887,26,48.7291
2887,27,48.7328
2887,28,48.80749999999999
2887,29,48.9023
2887,30,48.9702
2887,31,49.0187
2887,32,49.031000000000006
2887,33,49.0358
2887,34,49.0594
2887,35,49.071600000000004
2887,36,49.1144
2887,37,49.1255
2887,38,49.1746
2887,39,49.1965
2887,40,49.2663
2887,41,49.3041
2887,42,49.3207
2887,43,49.36479999999999
2887,44,49.4146
2887,45,49.494
2887,46,49.495799999999996
2887,47,49.509100000000004
2887,48,49.5679
2887,49,49.634100000000004
2887,50,49.692899999999995
2887,51,49.77239999999999
2887,52,49.810399999999994
2887,53,49.816599999999994
2887,54,49.830299999999994
2887,55,49.8471
2887,56,49.911500000000004
2887,57,49.9808
2887,58,50.0784
2887,59,50.14169999999999
2887,60,50.1569
2887,61,50.1974
2887,62,50.2257
2887,63,50.227599999999995
2887,64,50.2763
2887,65,50.336
2887,66,50.340999999999994
2887,67,50.3871
2887,68,50.4383
2887,69,50.499700000000004
2887,70,50.5663
2887,71,50.5723
2887,72,50.6297
2887,73,50.65259999999999
2887,74,50.70649999999999
2887,75,50.774
2887,76,50.804899999999996
2887,77,50.9012
2887,78,50.95099999999999
2887,79,51.0219
2887,80,51.0571
2887,81,51.1245
2887,82,51.1772
2887,83,51.2388
2887,84,51.2456
2887,85,51.31099999999999
2887,86,51.3331
2887,87,51.39059999999999
2887,88,51.3923
2887,89,51.402
2887,90,51.42659999999999
2887,91,51.47239999999999
2887,92,51.5405
2887,93,51.5783
2887,94,51.6776
2887,95,51.6898
2887,96,51.7655
2887,97,51.8142
2887,98,51.833600000000004
2887,99,51.8888
2887,100,51.88250000000001
2937,1,47.147600000000004
2937,2,47.203
2937,3,47.3004
2937,4,47.3685
2937,5,47.430600000000005
2937,6,47.5826
2937,7,47.6326
2937,8,47.666599999999995
2937,9,47.740100000000005
2937,10,47.814499999999995
2937,11,47.89320000000001
2937,12,47.953
2937,13,48.025099999999995
2937,14,48.0333
2937,15,48.09779999999999
2937,16,48.1737
2937,17,48.1836
2937,18,48.28530000000001
2937,19,48.3603
2937,20,48.368399999999994
2937,21,48.4431
2937,22,48.505700000000004
2937,23,48.5175
2937,24,48.590900000000005
2937,25,48.6111
2937,26,48.7256
2937,27,48.72930000000001
2937,28,48.746
2937,29,48.8155
2937,30,48.8579
2937,31,48.9601
2937,32,49.0381
2937,33,49.09429999999999
2937,34,49.1648
2937,35,49.1844
2937,36,49.247600000000006
2937,37,49.2941
2937,38,49.3236
2937,39,49.433600000000006
2937,40,49.495799999999996
2937,41,49.5631
2937,42,49.635999999999996
2937,43,49.692299999999996
2937,44,49.7714
2937,45,49.8354
2937,46,49.840199999999996
2937,47,49.8873
2937,48,49.9513
2937,49,50.079299999999996
2937,50,50.0989
2937,51,50.111599999999996
2937,52,50.135799999999996
2937,53,50.1901
2937,54,50.214299999999994
2937,55,50.2567
2937,56,50.277
2937,57,50.2924
2937,58,50.303999999999995
2937,59,50.312200000000004
2937,60,50.3426
2937,61,50.345200000000006
2937,62,50.3501
2937,63,50.3519
2937,64,50.4142
2937,65,50.476
2937,66,50.5179
2937,67,50.6007
2937,68,50.64359999999999
2937,69,50.7338
2937,70,50.748999999999995
2937,71,50.7556
2937,72,50.755900000000004
2937,73,50.773700000000005
2937,74,50.78360000000001
2937,75,50.798100000000005
2937,76,50.7937
2937,77,50.8652
2937,78,50.9433
2937,79,50.9474
2937,80,50.99399999999999
2937,81,51.012299999999996
2937,82,51.02610000000001
2937,83,51.0326
2937,84,51.0402
2937,85,51.0419
2937,86,51.0441
2937,87,51.0417
2937,88,51.0505
2937,89,51.0868
2937,90,51.107299999999995
2937,91,51.1252
2937,92,51.18560000000001
2937,93,51.1997
2937,94,51.2747
2937,95,51.27900000000001
2937,96,51.3086
2937,97,51.34
2937,98,51.3533
2937,99,51.40220000000001
2937,100,51.46040000000001
2949,1,47.163
2949,2,47.2348
2949,3,47.314800000000005
2949,4,47.407700000000006
2949,5,47.462199999999996
2949,6,47.552
2949,7,47.6169
2949,8,47.64450000000001
2949,9,47.7048
2949,10,47.7995
2949,11,47.8763
2949,12,47.9414
2949,13,47.9801
2949,14,47.9856
2949,15,48.036699999999996
2949,16,48.038399999999996
2949,17,48.1316
2949,18,48.2164
2949,19,48.251599999999996
2949,20,48.311099999999996
2949,21,48.3327
2949,22,48.4385
2949,23,48.4696
2949,24,48.5574
2949,25,48.5921
2949,26,48.6024
2949,27,48.7007
2949,28,48.7444
2949,29,48.765
2949,30,48.7852
2949,31,48.860099999999996
2949,32,48.9076
2949,33,48.9297
2949,34,48.9747
2949,35,49.026799999999994
2949,36,49.06790000000001
2949,37,49.135400000000004
2949,38,49.1783
2949,39,49.2368
2949,40,49.2478
2949,41,49.2913
2949,42,49.338300000000004
2949,43,49.3592
2949,44,49.381
2949,45,49.4461
2949,46,49.538700000000006
2949,47,49.553399999999996
2949,48,49.6041
2949,49,49.696
2949,50,49.748900000000006
2949,51,49.8054
2949,52,49.8287
2949,53,49.838499999999996
2949,54,49.845099999999995
2949,55,49.9273
2949,56,49.9758
2949,57,50.0244
2949,58,50.093500000000006
2949,59,50.139399999999995
2949,60,50.155
2949,61,50.17259999999999
2949,62,50.258700000000005
2949,63,50.3395
2949,64,50.4041
2949,65,50.4461
2949,66,50.44950000000001
2949,67,50.4924
2949,68,50.4955
2949,69,50.5498
2949,70,50.5898
2949,71,50.6357
2949,72,50.649
2949,73,50.6601
2949,74,50.72670000000001
2949,75,50.816700000000004
2949,76,50.824799999999996
2949,77,50.843
2949,78,50.904300000000006
2949,79,50.981700000000004
2949,80,51.013999999999996
2949,81,51.0253
2949,82,51.0369
2949,83,51.089
2949,84,51.1361
2949,85,51.197100000000006
2949,86,51.2697
2949,87,51.334
2949,88,51.407799999999995
2949,89,51.4123
2949,90,51.462700000000005
2949,91,51.526799999999994
2949,92,51.5507
2949,93,51.564099999999996
2949,94,51.5775
2949,95,51.59219999999999
2949,96,51.673199999999994
2949,97,51.7608
2949,98,51.8207
2949,99,51.8839
2949,100,51.980999999999995
3106,1,47.1487
3106,2,47.227999999999994
3106,3,47.262699999999995
3106,4,47.4194
3106,5,47.476
3106,6,47.52839999999999
3106,7,47.6361
3106,8,47.6426
3106,9,47.704
3106,10,47.7799
3106,11,47.8027
3106,12,47.849500000000006
3106,13,47.9042
3106,14,47.931799999999996
3106,15,47.946600000000004
3106,16,48.031400000000005
3106,17,48.096
3106,18,48.124399999999994
3106,19,48.1977
3106,20,48.2132
3106,21,48.2543
3106,22,48.3327
3106,23,48.391099999999994
3106,24,48.45589999999999
3106,25,48.549400000000006
3106,26,48.599700000000006
3106,27,48.66799999999999
3106,28,48.6677
3106,29,48.6832
3106,30,48.724999999999994
3106,31,48.7696
3106,32,48.7912
3106,33,48.8473
3106,34,48.8967
3106,35,48.923100000000005
3106,36,48.98480000000001
3106,37,49.0493
3106,38,49.0565
3106,39,49.1032
3106,40,49.1158
3106,41,49.16929999999999
3106,42,49.1714
3106,43,49.2377
3106,44,49.269400000000005
3106,45,49.2787
3106,46,49.2844
3106,47,49.30459999999999
3106,48,49.30950000000001
3106,49,49.32599999999999
3106,50,49.389700000000005
3106,51,49.4163
3106,52,49.4477
3106,53,49.511399999999995
3106,54,49.563
3106,55,49.6185
3106,56,49.659600000000005
3106,57,49.6655
3106,58,49.719100000000005
3106,59,49.7339
3106,60,49.785000000000004
3106,61,49.7873
3106,62,49.79129999999999
3106,63,49.8525
3106,64,49.898700000000005
3106,65,49.9541
3106,66,50.012600000000006
3106,67,50.031099999999995
3106,68,50.09889999999999
3106,69,50.143699999999995
3106,70,50.187400000000004
3106,71,50.24960000000001
3106,72,50.2661
3106,73,50.313500000000005
3106,74,50.3549
3106,75,50.3828
3106,76,50.387
3106,77,50.4322
3106,78,50.464299999999994
3106,79,50.48830000000001
3106,80,50.5767
3106,81,50.665200000000006
3106,82,50.6995
3106,83,50.770599999999995
3106,84,50.791599999999995
3106,85,50.7933
3106,86,50.841300000000004
3106,87,50.852999999999994
3106,88,50.85849999999999
3106,89,50.8803
3106,90,50.936800000000005
3106,91,50.9903
3106,92,50.9916
3106,93,51.018100000000004
3106,94,51.1171
3106,95,51.1413
3106,96,51.154700000000005
3106,97,51.1965
3106,98,51.206900000000005
3106,99,51.21940000000001
3106,100,51.2852
3129,1,47.1487
3129,2,47.171800000000005
3129,3,47.25359999999999
3129,4,47.2769
3129,5,47.3618
3129,6,47.4301
3129,7,47.453599999999994
3129,8,47.601200000000006
3129,9,47.68470000000001
3129,10,47.755
3129,11,47.7783
3129,12,47.8301
3129,13,47.827499999999986
3129,14,47.875600000000006
3129,15,47.9634
3129,16,48.0345
3129,17,48.0493
3129,18,48.0897
3129,19,48.1622
3129,20,48.1742
3129,21,48.24
3129,22,48.289500000000004
3129,23,48.3264
3129,24,48.4259
3129,25,48.4478
3129,26,48.505
3129,27,48.528000000000006
3129,28,48.5888
3129,29,48.631
3129,30,48.653800000000004
3129,31,48.719300000000004
3129,32,48.753800000000005
3129,33,48.8091
3129,34,48.86409999999999
3129,35,48.9057
3129,36,48.9208
3129,37,48.969
3129,38,49.0102
3129,39,49.084399999999995
3129,40,49.137499999999996
3129,41,49.173500000000004
3129,42,49.1785
3129,43,49.2367
3129,44,49.2691
3129,45,49.333
3129,46,49.3678
3129,47,49.421499999999995
3129,48,49.45099999999999
3129,49,49.4782
3129,50,49.536100000000005
3129,51,49.547799999999995
3129,52,49.564899999999994
3129,53,49.6186
3129,54,49.6728
3129,55,49.7205
3129,56,49.8223
3129,57,49.839
3129,58,49.884
3129,59,49.9466
3129,60,50.03120000000001
3129,61,50.067899999999995
3129,62,50.09
3129,63,50.1981
3129,64,50.198299999999996
3129,65,50.3034
3129,66,50.369099999999996
3129,67,50.4191
3129,68,50.4317
3129,69,50.485699999999994
3129,70,50.538
3129,71,50.5981
3129,72,50.6032
3129,73,50.626099999999994
3129,74,50.651599999999995
3129,75,50.7191
3129,76,50.7807
3129,77,50.8357
3129,78,50.895199999999996
3129,79,50.9336
3129,80,50.989900000000006
3129,81,51.0081
3129,82,51.0508
3129,83,51.14090000000001
3129,84,51.143
3129,85,51.197599999999994
3129,86,51.2701
3129,87,51.28710000000001
3129,88,51.3837
3129,89,51.43990000000001
3129,90,51.48179999999999
3129,91,51.6011
3129,92,51.73629999999999
3129,93,51.797799999999995
3129,94,51.801100000000005
3129,95,51.844899999999996
3129,96,51.8852
3129,97,51.8856
3129,98,52.0032
3129,99,52.009899999999995
3129,100,52.0103
3235,1,47.1262
3235,2,47.15480000000001
3235,3,47.237199999999994
3235,4,47.240199999999994
3235,5,47.2827
3235,6,47.363
3235,7,47.4754
3235,8,47.519800000000004
3235,9,47.5312
3235,10,47.55159999999999
3235,11,47.6192
3235,12,47.682700000000004
3235,13,47.741299999999995
3235,14,47.7806
3235,15,47.888099999999994
3235,16,47.9435
3235,17,48.004900000000006
3235,18,48.102000000000004
3235,19,48.1734
3235,20,48.191100000000006
3235,21,48.2371
3235,22,48.310599999999994
3235,23,48.3652
3235,24,48.4514
3235,25,48.51989999999999
3235,26,48.55650000000001
3235,27,48.5658
3235,28,48.630900000000004
3235,29,48.672700000000006
3235,30,48.7794
3235,31,48.79429999999999
3235,32,48.8472
3235,33,48.8929
3235,34,48.96039999999999
3235,35,48.997
3235,36,49.05630000000001
3235,37,49.122299999999996
3235,38,49.1626
3235,39,49.2336
3235,40,49.2766
3235,41,49.352000000000004
3235,42,49.3544
3235,43,49.378499999999995
3235,44,49.382299999999994
3235,45,49.4189
3235,46,49.4223
3235,47,49.46470000000001
3235,48,49.5321
3235,49,49.553200000000004
3235,50,49.620200000000004
3235,51,49.63300000000001
3235,52,49.6765
3235,53,49.6974
3235,54,49.709300000000006
3235,55,49.7307
3235,56,49.74680000000001
3235,57,49.813900000000004
3235,58,49.866499999999995
3235,59,49.9499
3235,60,49.9653
3235,61,50.057900000000004
3235,62,50.078199999999995
3235,63,50.0982
3235,64,50.14359999999999
3235,65,50.14959999999999
3235,66,50.2108
3235,67,50.27109999999999
3235,68,50.275999999999996
3235,69,50.288599999999995
3235,70,50.33709999999999
3235,71,50.3447
3235,72,50.368399999999994
3235,73,50.4243
3235,74,50.47880000000001
3235,75,50.537099999999995
3235,76,50.5685
3235,77,50.58410000000001
3235,78,50.671800000000005
3235,79,50.68560000000001
3235,80,50.7756
3235,81,50.85000000000001
3235,82,50.9459
3235,83,51.007099999999994
3235,84,51.0285
3235,85,51.0889
3235,86,51.1554
3235,87,51.21789999999999
3235,88,51.2531
3235,89,51.3026
3235,90,51.34769999999999
3235,91,51.3895
3235,92,51.4285
3235,93,51.5201
3235,94,51.52270000000001
3235,95,51.542699999999996
3235,96,51.610699999999994
3235,97,51.62630000000001
3235,98,51.7252
3235,99,51.776300000000006
3235,100,51.816599999999994
3415,1,47.1128
3415,2,47.2032
3415,3,47.2871
3415,4,47.2992
3415,5,47.3682
3415,6,47.435300000000005
3415,7,47.4667
3415,8,47.5262
3415,9,47.588899999999995
3415,10,47.66349999999999
3415,11,47.716899999999995
3415,12,47.7186
3415,13,47.779599999999995
3415,14,47.8198
3415,15,47.86749999999999
3415,16,47.94579999999999
3415,17,47.973699999999994
3415,18,48.02219999999999
3415,19,48.06949999999999
3415,20,48.1628
3415,21,48.2038
3415,22,48.214
3415,23,48.311099999999996
3415,24,48.3712
3415,25,48.4309
3415,26,48.4879
3415,27,48.5818
3415,28,48.5972
3415,29,48.6542
3415,30,48.731700000000004
3415,31,48.751900000000006
3415,32,48.7643
3415,33,48.821000000000005
3415,34,48.875400000000006
3415,35,49.012699999999995
3415,36,49.0197
3415,37,49.0476
3415,38,49.1125
3415,39,49.1162
3415,40,49.1447
3415,41,49.1581
3415,42,49.22240000000001
3415,43,49.29809999999999
3415,44,49.3544
3415,45,49.392799999999994
3415,46,49.4037
3415,47,49.5086
3415,48,49.614900000000006
3415,49,49.6821
3415,50,49.7429
3415,51,49.804199999999994
3415,52,49.85730000000001
3415,53,49.9248
3415,54,50.006299999999996
3415,55,50.0464
3415,56,50.1033
3415,57,50.15429999999999
3415,58,50.2229
3415,59,50.2868
3415,60,50.3444
3415,61,50.39710000000001
3415,62,50.4579
3415,63,50.4649
3415,64,50.5384
3415,65,50.5857
3415,66,50.613099999999996
3415,67,50.6213
3415,68,50.633700000000005
3415,69,50.6913
3415,70,50.7417
3415,71,50.83369999999999
3415,72,50.857299999999995
3415,73,50.9241
3415,74,50.928200000000004
3415,75,51.0
3415,76,51.0664
3415,77,51.089600000000004
3415,78,51.135
3415,79,51.2101
3415,80,51.212
3415,81,51.27210000000001
3415,82,51.273700000000005
3415,83,51.384299999999996
3415,84,51.46510000000001
3415,85,51.538799999999995
3415,86,51.5369
3415,87,51.536199999999994
3415,88,51.60229999999999
3415,89,51.673500000000004
3415,90,51.676
3415,91,51.735699999999994
3415,92,51.7522
3415,93,51.7702
3415,94,51.7838
3415,95,51.8
3415,96,51.8558
3415,97,51.914
3415,98,51.9587
3415,99,51.95949999999999
3415,100,51.961800000000004
3459,1,47.1262
3459,2,47.1493
3459,3,47.238
3459,4,47.241800000000005
3459,5,47.2906
3459,6,47.379000000000005
3459,7,47.3873
3459,8,47.4615
3459,9,47.5252
3459,10,47.612700000000004
3459,11,47.6293
3459,12,47.709
3459,13,47.7914
3459,14,47.858000000000004
3459,15,47.9101
3459,16,47.971000000000004
3459,17,48.028
3459,18,48.0634
3459,19,48.0656
3459,20,48.1994
3459,21,48.2595
3459,22,48.340199999999996
3459,23,48.414699999999996
3459,24,48.491
3459,25,48.5673
3459,26,48.66550000000001
3459,27,48.681200000000004
3459,28,48.7548
3459,29,48.7998
3459,30,48.8178
3459,31,48.867900000000006
3459,32,48.918000000000006
3459,33,49.0038
3459,34,49.0415
3459,35,49.1001
3459,36,49.1423
3459,37,49.171899999999994
3459,38,49.243900000000004
3459,39,49.3027
3459,40,49.3454
3459,41,49.3923
3459,42,49.410199999999996
3459,43,49.466899999999995
3459,44,49.532
3459,45,49.5424
3459,46,49.558299999999996
3459,47,49.6188
3459,48,49.66709999999999
3459,49,49.66879999999999
3459,50,49.682
3459,51,49.73609999999999
3459,52,49.799899999999994
3459,53,49.84949999999999
3459,54,49.890699999999995
3459,55,49.941199999999995
3459,56,49.9482
3459,57,50.009
3459,58,50.09809999999999
3459,59,50.1001
3459,60,50.149
3459,61,50.184200000000004
3459,62,50.2092
3459,63,50.2864
3459,64,50.2851
3459,65,50.3052
3459,66,50.313599999999994
3459,67,50.3498
3459,68,50.4083
3459,69,50.4577
3459,70,50.527100000000004
3459,71,50.589299999999994
3459,72,50.672200000000004
3459,73,50.693200000000004
3459,74,50.7316
3459,75,50.776700000000005
3459,76,50.86
3459,77,50.8797
3459,78,50.9309
3459,79,50.934
3459,80,50.994
3459,81,51.05079999999999
3459,82,51.099999999999994
3459,83,51.126200000000004
3459,84,51.173
3459,85,51.235600000000005
3459,86,51.291000000000004
3459,87,51.353699999999996
3459,88,51.3699
3459,89,51.433499999999995
3459,90,51.43449999999999
3459,91,51.4507
3459,92,51.4597
3459,93,51.4845
3459,94,51.6143
3459,95,51.6971
3459,96,51.7878
3459,97,51.78960000000001
3459,98,51.85650000000001
3459,99,51.919
3459,100,51.98910000000001
3462,1,47.1473
3462,2,47.2993
3462,3,47.4179
3462,4,47.45440000000001
3462,5,47.525999999999996
3462,6,47.546499999999995
3462,7,47.5942
3462,8,47.6233
3462,9,47.67229999999999
3462,10,47.731899999999996
3462,11,47.801500000000004
3462,12,47.8845
3462,13,47.928399999999996
3462,14,47.9798
3462,15,48.045899999999996
3462,16,48.085800000000006
3462,17,48.1221
3462,18,48.142
3462,19,48.20309999999999
3462,20,48.269
3462,21,48.3408
3462,22,48.3834
3462,23,48.459
3462,24,48.5118
3462,25,48.5239
3462,26,48.603300000000004
3462,27,48.62740000000001
3462,28,48.6361
3462,29,48.69
3462,30,48.746399999999994
3462,31,48.7491
3462,32,48.818299999999994
3462,33,48.8712
3462,34,48.9722
3462,35,49.030100000000004
3462,36,49.075799999999994
3462,37,49.1529
3462,38,49.178200000000004
3462,39,49.2448
3462,40,49.3321
3462,41,49.4302
3462,42,49.511399999999995
3462,43,49.5895
3462,44,49.5775
3462,45,49.581500000000005
3462,46,49.58969999999999
3462,47,49.6705
3462,48,49.7286
3462,49,49.7782
3462,50,49.8547
3462,51,49.875299999999996
3462,52,49.949200000000005
3462,53,49.980000000000004
3462,54,50.0251
3462,55,50.0316
3462,56,50.0465
3462,57,50.100899999999996
3462,58,50.1422
3462,59,50.144
3462,60,50.146699999999996
3462,61,50.176100000000005
3462,62,50.264300000000006
3462,63,50.26559999999999
3462,64,50.32000000000001
3462,65,50.322900000000004
3462,66,50.37870000000001
3462,67,50.430099999999996
3462,68,50.524699999999996
3462,69,50.5928
3462,70,50.6503
3462,71,50.7174
3462,72,50.72820000000001
3462,73,50.7432
3462,74,50.8104
3462,75,50.814099999999996
3462,76,50.9033
3462,77,50.96340000000001
3462,78,51.0415
3462,79,51.055800000000005
3462,80,51.0894
3462,81,51.0929
3462,82,51.1815
3462,83,51.22990000000001
3462,84,51.2424
3462,85,51.24620000000001
3462,86,51.249500000000005
3462,87,51.302400000000006
3462,88,51.339
3462,89,51.36670000000001
3462,90,51.3831
3462,91,51.4299
3462,92,51.431799999999996
3462,93,51.45440000000001
3462,94,51.4881
3462,95,51.554
3462,96,51.5762
3462,97,51.633700000000005
3462,98,51.6868
3462,99,51.741
3462,100,51.7735
3557,1,47.1339
3557,2,47.1793
3557,3,47.2432
3557,4,47.2615
3557,5,47.2736
3557,6,47.2791
3557,7,47.331199999999995
3557,8,47.35589999999999
3557,9,47.4602
3557,10,47.496700000000004
3557,11,47.622
3557,12,47.6493
3557,13,47.711
3557,14,47.7658
3557,15,47.8545
3557,16,47.906
3557,17,47.938500000000005
3557,18,47.946
3557,19,47.995599999999996
3557,20,48.075100000000006
3557,21,48.1079
3557,22,48.154399999999995
3557,23,48.17700000000001
3557,24,48.217699999999994
3557,25,48.26100000000001
3557,26,48.346199999999996
3557,27,48.394000000000005
3557,28,48.411300000000004
3557,29,48.4721
3557,30,48.4773
3557,31,48.5436
3557,32,48.617999999999995
3557,33,48.678999999999995
3557,34,48.7282
3557,35,48.7588
3557,36,48.812
3557,37,48.8655
3557,38,48.9386
3557,39,48.954699999999995
3557,40,49.0196
3557,41,49.031000000000006
3557,42,49.0981
3557,43,49.1656
3557,44,49.254799999999996
3557,45,49.2649
3557,46,49.320899999999995
3557,47,49.3968
3557,48,49.4212
3557,49,49.5116
3557,50,49.60209999999999
3557,51,49.61
3557,52,49.693799999999996
3557,53,49.7404
3557,54,49.742799999999995
3557,55,49.8039
3557,56,49.882400000000004
3557,57,49.9714
3557,58,50.00019999999999
3557,59,50.0205
3557,60,50.0282
3557,61,50.092299999999994
3557,62,50.14280000000001
3557,63,50.2085
3557,64,50.2205
3557,65,50.2658
3557,66,50.3644
3557,67,50.380700000000004
3557,68,50.4277
3557,69,50.544599999999996
3557,70,50.5672
3557,71,50.5673
3557,72,50.618300000000005
3557,73,50.622499999999995
3557,74,50.6458
3557,75,50.68849999999999
3557,76,50.687
3557,77,50.7653
3557,78,50.7853
3557,79,50.85889999999999
3557,80,50.9311
3557,81,51.0149
3557,82,51.024499999999996
3557,83,51.0352
3557,84,51.04249999999999
3557,85,51.0878
3557,86,51.1393
3557,87,51.2222
3557,88,51.269999999999996
3557,89,51.2902
3557,90,51.28999999999999
3557,91,51.3099
3557,92,51.3489
3557,93,51.430699999999995
3557,94,51.4337
3557,95,51.5169
3557,96,51.591699999999996
3557,97,51.669200000000004
3557,98,51.6798
3557,99,51.732600000000005
3557,100,51.8091
3589,1,47.1473
3589,2,47.2433
3589,3,47.31400000000001
3589,4,47.3954
3589,5,47.474599999999995
3589,6,47.52439999999999
3589,7,47.6747
3589,8,47.767399999999995
3589,9,47.7901
3589,10,47.845299999999995
3589,11,47.90989999999999
3589,12,47.9294
3589,13,47.9987
3589,14,48.0549
3589,15,48.097
3589,16,48.1524
3589,17,48.1892
3589,18,48.2556
3589,19,48.32640000000001
3589,20,48.3885
3589,21,48.4154
3589,22,48.4768
3589,23,48.5225
3589,24,48.608599999999996
3589,25,48.623400000000004
3589,26,48.7101
3589,27,48.765699999999995
3589,28,48.819
3589,29,48.8683
3589,30,48.89699999999999
3589,31,48.967600000000004
3589,32,49.0365
3589,33,49.0778
3589,34,49.12219999999999
3589,35,49.1528
3589,36,49.215999999999994
3589,37,49.319599999999994
3589,38,49.3839
3589,39,49.385400000000004
3589,40,49.4339
3589,41,49.4941
3589,42,49.5544
3589,43,49.6112
3589,44,49.62350000000001
3589,45,49.633799999999994
3589,46,49.662099999999995
3589,47,49.70009999999999
3589,48,49.7748
3589,49,49.816900000000004
3589,50,49.90219999999999
3589,51,49.9396
3589,52,50.0094
3589,53,50.0569
3589,54,50.098200000000006
3589,55,50.10090000000001
3589,56,50.17070000000001
3589,57,50.2424
3589,58,50.2971
3589,59,50.3601
3589,60,50.41959999999999
3589,61,50.491299999999995
3589,62,50.5493
3589,63,50.6507
3589,64,50.68620000000001
3589,65,50.707800000000006
3589,66,50.782399999999996
3589,67,50.8021
3589,68,50.7821
3589,69,50.84
3589,70,50.8866
3589,71,50.9367
3589,72,51.002
3589,73,51.0171
3589,74,51.0482
3589,75,51.14000000000001
3589,76,51.1811
3589,77,51.19030000000001
3589,78,51.2059
3589,79,51.2492
3589,80,51.2953
3589,81,51.3173
3589,82,51.329
3589,83,51.376400000000004
3589,84,51.3913
3589,85,51.3956
3589,86,51.4779
3589,87,51.5287
3589,88,51.6365
3589,89,51.6905
3589,90,51.683499999999995
3589,91,51.6873
3589,92,51.6971
3589,93,51.71379999999999
3589,94,51.8146
3589,95,51.89190000000001
3589,96,51.8982
3589,97,51.914100000000005
3589,98,51.9316
3589,99,51.98779999999999
3589,100,52.01
3646,1,47.1288
3646,2,47.2167
3646,3,47.289300000000004
3646,4,47.384
3646,5,47.4619
3646,6,47.513400000000004
3646,7,47.5637
3646,8,47.6696
3646,9,47.7478
3646,10,47.82300000000001
3646,11,47.8983
3646,12,47.921800000000005
3646,13,47.9757
3646,14,48.0245
3646,15,48.1078
3646,16,48.115700000000004
3646,17,48.1875
3646,18,48.269800000000004
3646,19,48.336800000000004
3646,20,48.388299999999994
3646,21,48.4422
3646,22,48.485600000000005
3646,23,48.5638
3646,24,48.5868
3646,25,48.6434
3646,26,48.7002
3646,27,48.749300000000005
3646,28,48.7924
3646,29,48.89030000000001
3646,30,48.9431
3646,31,49.0323
3646,32,49.04599999999999
3646,33,49.1087
3646,34,49.1778
3646,35,49.25110000000001
3646,36,49.28049999999999
3646,37,49.33669999999999
3646,38,49.367599999999996
3646,39,49.40209999999999
3646,40,49.448499999999996
3646,41,49.5668
3646,42,49.5695
3646,43,49.5749
3646,44,49.6375
3646,45,49.707899999999995
3646,46,49.722300000000004
3646,47,49.8074
3646,48,49.8566
3646,49,49.8822
3646,50,49.93899999999999
3646,51,49.985
3646,52,50.032
3646,53,50.074
3646,54,50.0788
3646,55,50.08069999999999
3646,56,50.0946
3646,57,50.157
3646,58,50.2083
3646,59,50.245000000000005
3646,60,50.25840000000001
3646,61,50.3408
3646,62,50.3566
3646,63,50.357899999999994
3646,64,50.394999999999996
3646,65,50.448499999999996
3646,66,50.4631
3646,67,50.5436
3646,68,50.5456
3646,69,50.6275
3646,70,50.641400000000004
3646,71,50.70439999999999
3646,72,50.691799999999986
3646,73,50.744
3646,74,50.8124
3646,75,50.881699999999995
3646,76,50.8848
3646,77,50.918899999999994
3646,78,50.92540000000001
3646,79,50.962700000000005
3646,80,50.971999999999994
3646,81,50.961200000000005
3646,82,51.024699999999996
3646,83,51.061699999999995
3646,84,51.12220000000001
3646,85,51.2045
3646,86,51.2168
3646,87,51.2676
3646,88,51.27690000000001
3646,89,51.3227
3646,90,51.331199999999995
3646,91,51.3344
3646,92,51.35759999999999
3646,93,51.4097
3646,94,51.471900000000005
3646,95,51.484
3646,96,51.4898
3646,97,51.518100000000004
3646,98,51.5701
3646,99,51.6244
3646,100,51.6592
3764,1,47.1515
3764,2,47.1663
3764,3,47.21730000000001
3764,4,47.3103
3764,5,47.3789
3764,6,47.471
3764,7,47.541900000000005
3764,8,47.589200000000005
3764,9,47.646899999999995
3764,10,47.7137
3764,11,47.742000000000004
3764,12,47.801
3764,13,47.8825
3764,14,47.9497
3764,15,47.9803
3764,16,48.078900000000004
3764,17,48.149300000000004
3764,18,48.214800000000004
3764,19,48.2184
3764,20,48.2223
3764,21,48.306200000000004
3764,22,48.369499999999995
3764,23,48.3833
3764,24,48.449
3764,25,48.527
3764,26,48.590199999999996
3764,27,48.61710000000001
3764,28,48.6846
3764,29,48.7504
3764,30,48.7519
3764,31,48.78659999999999
3764,32,48.8507
3764,33,48.9176
3764,34,48.9695
3764,35,49.043099999999995
3764,36,49.1215
3764,37,49.1712
3764,38,49.24850000000001
3764,39,49.2577
3764,40,49.273799999999994
3764,41,49.3467
3764,42,49.3592
3764,43,49.4311
3764,44,49.491600000000005
3764,45,49.5448
3764,46,49.6168
3764,47,49.717999999999996
3764,48,49.7956
3764,49,49.84100000000001
3764,50,49.8772
3764,51,50.0002
3764,52,50.135999999999996
3764,53,50.1725
3764,54,50.2128
3764,55,50.274
3764,56,50.3681
3764,57,50.3837
3764,58,50.428799999999995
3764,59,50.50470000000001
3764,60,50.5801
3764,61,50.6828
3764,62,50.7589
3764,63,50.768
3764,64,50.7758
3764,65,50.7816
3764,66,50.8724
3764,67,50.8939
3764,68,50.9055
3764,69,51.0093
3764,70,51.10509999999999
3764,71,51.1798
3764,72,51.254000000000005
3764,73,51.27160000000001
3764,74,51.311899999999994
3764,75,51.386399999999995
3764,76,51.4554
3764,77,51.5142
3764,78,51.5676
3764,79,51.616699999999994
3764,80,51.724900000000005
3764,81,51.83669999999999
3764,82,51.895399999999995
3764,83,51.9379
3764,84,51.994299999999996
3764,85,52.13289999999999
3764,86,52.1875
3764,87,52.3154
3764,88,52.3246
3764,89,52.36520000000001
3764,90,52.377900000000004
3764,91,52.4613
3764,92,52.510999999999996
3764,93,52.55760000000001
3764,94,52.5651
3764,95,52.569199999999995
3764,96,52.5807
3764,97,52.721599999999995
3764,98,52.72389999999999
3764,99,52.78489999999999
3764,100,52.8094
3801,1,47.111599999999996
3801,2,47.165499999999994
3801,3,47.2663
3801,4,47.3159
3801,5,47.3732
3801,6,47.416799999999995
3801,7,47.4842
3801,8,47.5275
3801,9,47.5594
3801,10,47.6301
3801,11,47.6697
3801,12,47.7372
3801,13,47.7514
3801,14,47.7606
3801,15,47.844699999999996
3801,16,47.958000000000006
3801,17,48.025200000000005
3801,18,48.0772
3801,19,48.126099999999994
3801,20,48.1555
3801,21,48.1874
3801,22,48.244200000000006
3801,23,48.3329
3801,24,48.42550000000001
3801,25,48.4911
3801,26,48.59
3801,27,48.6078
3801,28,48.6268
3801,29,48.6344
3801,30,48.659000000000006
3801,31,48.6965
3801,32,48.7264
3801,33,48.7316
3801,34,48.7643
3801,35,48.7976
3801,36,48.82470000000001
3801,37,48.9353
3801,38,48.9443
3801,39,49.0076
3801,40,49.0102
3801,41,49.0552
3801,42,49.0635
3801,43,49.0709
3801,44,49.0911
3801,45,49.128699999999995
3801,46,49.1862
3801,47,49.205
3801,48,49.2487
3801,49,49.3071
3801,50,49.3409
3801,51,49.3997
3801,52,49.4349
3801,53,49.47710000000001
3801,54,49.4969
3801,55,49.5249
3801,56,49.526799999999994
3801,57,49.5363
3801,58,49.542
3801,59,49.5714
3801,60,49.604600000000005
3801,61,49.6512
3801,62,49.71430000000001
3801,63,49.796499999999995
3801,64,49.8847
3801,65,49.943599999999996
3801,66,50.01599999999999
3801,67,50.1164
3801,68,50.1204
3801,69,50.219100000000005
3801,70,50.283100000000005
3801,71,50.3599
3801,72,50.361900000000006
3801,73,50.4017
3801,74,50.438500000000005
3801,75,50.512699999999995
3801,76,50.5326
3801,77,50.542
3801,78,50.577999999999996
3801,79,50.6461
3801,80,50.6586
3801,81,50.747499999999995
3801,82,50.765
3801,83,50.7782
3801,84,50.8026
3801,85,50.8064
3801,86,50.879599999999996
3801,87,50.882000000000005
3801,88,50.8866
3801,89,50.9609
3801,90,51.01349999999999
3801,91,51.0414
3801,92,51.102500000000006
3801,93,51.1055
3801,94,51.1765
3801,95,51.236999999999995
3801,96,51.245200000000004
3801,97,51.309599999999996
3801,98,51.3835
3801,99,51.439800000000005
3801,100,51.52720000000001
4089,1,47.1326
4089,2,47.2274
4089,3,47.32740000000001
4089,4,47.3869
4089,5,47.4564
4089,6,47.5193
4089,7,47.5709
4089,8,47.637699999999995
4089,9,47.6884
4089,10,47.8056
4089,11,47.8621
4089,12,47.9113
4089,13,47.9979
4089,14,48.053399999999996
4089,15,48.1276
4089,16,48.1793
4089,17,48.2185
4089,18,48.3033
4089,19,48.346599999999995
4089,20,48.3487
4089,21,48.4444
4089,22,48.4971
4089,23,48.55
4089,24,48.6222
4089,25,48.6312
4089,26,48.686800000000005
4089,27,48.7636
4089,28,48.811400000000006
4089,29,48.8468
4089,30,48.930699999999995
4089,31,48.9761
4089,32,49.0406
4089,33,49.0679
4089,34,49.1199
4089,35,49.1241
4089,36,49.2145
4089,37,49.2268
4089,38,49.2307
4089,39,49.2903
4089,40,49.294200000000004
4089,41,49.2953
4089,42,49.3437
4089,43,49.396100000000004
4089,44,49.46340000000001
4089,45,49.4773
4089,46,49.510999999999996
4089,47,49.5143
4089,48,49.525400000000005
4089,49,49.563199999999995
4089,50,49.6408
4089,51,49.6499
4089,52,49.7394
4089,53,49.788
4089,54,49.8174
4089,55,49.9169
4089,56,49.9195
4089,57,49.9503
4089,58,50.0018
4089,59,50.0646
4089,60,50.1382
4089,61,50.2346
4089,62,50.3121
4089,63,50.324799999999996
4089,64,50.337
4089,65,50.3707
4089,66,50.4083
4089,67,50.4764
4089,68,50.5458
4089,69,50.6119
4089,70,50.635099999999994
4089,71,50.6416
4089,72,50.6867
4089,73,50.7037
4089,74,50.73610000000001
4089,75,50.8146
4089,76,50.852999999999994
4089,77,50.862899999999996
4089,78,50.892399999999995
4089,79,50.9018
4089,80,50.9165
4089,81,50.956900000000005
4089,82,51.0095
4089,83,51.019400000000005
4089,84,51.1039
4089,85,51.116299999999995
4089,86,51.1216
4089,87,51.1949
4089,88,51.25320000000001
4089,89,51.3304
4089,90,51.4052
4089,91,51.46360000000001
4089,92,51.4751
4089,93,51.5769
4089,94,51.608
4089,95,51.703599999999994
4089,96,51.7224
4089,97,51.75319999999999
4089,98,51.8134
4089,99,51.8268
4089,100,51.827799999999996
4141,1,47.0709
4141,2,47.1576
4141,3,47.2167
4141,4,47.305400000000006
4141,5,47.3438
4141,6,47.456999999999994
4141,7,47.5249
4141,8,47.57889999999999
4141,9,47.6248
4141,10,47.7134
4141,11,47.7649
4141,12,47.8208
4141,13,47.888099999999994
4141,14,47.9444
4141,15,47.9882
4141,16,48.0411
4141,17,48.0914
4141,18,48.1512
4141,19,48.1532
4141,20,48.1961
4141,21,48.2301
4141,22,48.2641
4141,23,48.2762
4141,24,48.339299999999994
4141,25,48.3919
4141,26,48.4374
4141,27,48.49109999999999
4141,28,48.547700000000006
4141,29,48.590500000000006
4141,30,48.6753
4141,31,48.7213
4141,32,48.7625
4141,33,48.780699999999996
4141,34,48.799800000000005
4141,35,48.805600000000005
4141,36,48.839400000000005
4141,37,48.9047
4141,38,48.9406
4141,39,48.9541
4141,40,49.01530000000001
4141,41,49.0746
4141,42,49.0772
4141,43,49.092999999999996
4141,44,49.15560000000001
4141,45,49.2179
4141,46,49.2482
4141,47,49.2939
4141,48,49.295500000000004
4141,49,49.3533
4141,50,49.426199999999994
4141,51,49.4366
4141,52,49.50749999999999
4141,53,49.562000000000005
4141,54,49.577299999999994
4141,55,49.592200000000005
4141,56,49.6443
4141,57,49.6952
4141,58,49.782
4141,59,49.7877
4141,60,49.827799999999996
4141,61,49.87859999999999
4141,62,49.937400000000004
4141,63,49.9936
4141,64,50.0351
4141,65,50.0957
4141,66,50.1099
4141,67,50.150200000000005
4141,68,50.192299999999996
4141,69,50.194
4141,70,50.2454
4141,71,50.3083
4141,72,50.369299999999996
4141,73,50.3809
4141,74,50.39859999999999
4141,75,50.4679
4141,76,50.47030000000001
4141,77,50.531400000000005
4141,78,50.5638
4141,79,50.5775
4141,80,50.6429
4141,81,50.69539999999999
4141,82,50.717
4141,83,50.7688
4141,84,50.8184
4141,85,50.8188
4141,86,50.857
4141,87,50.9465
4141,88,51.0215
4141,89,51.0424
4141,90,51.08369999999999
4141,91,51.09029999999999
4141,92,51.133399999999995
4141,93,51.241899999999994
4141,94,51.33550000000001
4141,95,51.3356
4141,96,51.3941
4141,97,51.4992
4141,98,51.5877
4141,99,51.6481
4141,100,51.7252
4332,1,47.158699999999996
4332,2,47.259299999999996
4332,3,47.2924
4332,4,47.331199999999995
4332,5,47.335
4332,6,47.41720000000001
4332,7,47.5136
4332,8,47.5779
4332,9,47.6138
4332,10,47.621900000000004
4332,11,47.6721
4332,12,47.771
4332,13,47.8262
4332,14,47.8581
4332,15,47.852000000000004
4332,16,47.920100000000005
4332,17,47.9596
4332,18,47.96300000000001
4332,19,48.0381
4332,20,48.1096
4332,21,48.1664
4332,22,48.18150000000001
4332,23,48.2498
4332,24,48.261700000000005
4332,25,48.264300000000006
4332,26,48.2733
4332,27,48.3254
4332,28,48.3314
4332,29,48.3827
4332,30,48.475899999999996
4332,31,48.550599999999996
4332,32,48.643299999999996
4332,33,48.71679999999999
4332,34,48.7706
4332,35,48.8395
4332,36,48.8638
4332,37,48.87859999999999
4332,38,48.95479999999999
4332,39,48.9762
4332,40,48.9816
4332,41,49.058499999999995
4332,42,49.103899999999996
4332,43,49.18199999999999
4332,44,49.223200000000006
4332,45,49.2375
4332,46,49.2505
4332,47,49.306
4332,48,49.3098
4332,49,49.32220000000001
4332,50,49.3792
4332,51,49.382400000000004
4332,52,49.3845
4332,53,49.456900000000005
4332,54,49.474199999999996
4332,55,49.4886
4332,56,49.537
4332,57,49.5424
4332,58,49.56269999999999
4332,59,49.5693
4332,60,49.5743
4332,61,49.64019999999999
4332,62,49.6983
4332,63,49.709599999999995
4332,64,49.71260000000001
4332,65,49.72160000000001
4332,66,49.7535
4332,67,49.7965
4332,68,49.8537
4332,69,49.856700000000004
4332,70,49.89130000000001
4332,71,49.906000000000006
4332,72,49.94540000000001
4332,73,49.96029999999999
4332,74,50.0467
4332,75,50.113099999999996
4332,76,50.2141
4332,77,50.2684
4332,78,50.278800000000004
4332,79,50.34609999999999
4332,80,50.4221
4332,81,50.4538
4332,82,50.51349999999999
4332,83,50.5008
4332,84,50.5556
4332,85,50.576
4332,86,50.589299999999994
4332,87,50.5997
4332,88,50.6139
4332,89,50.661699999999996
4332,90,50.667100000000005
4332,91,50.698899999999995
4332,92,50.751000000000005
4332,93,50.793800000000005
4332,94,50.7987
4332,95,50.86200000000001
4332,96,50.8959
4332,97,50.919
4332,98,50.985
4332,99,51.055800000000005
4332,100,51.0947
4374,1,47.1072
4374,2,47.17139999999999
4374,3,47.2522
4374,4,47.3167
4374,5,47.3833
4374,6,47.463300000000004
4374,7,47.549899999999994
4374,8,47.6008
4374,9,47.6684
4374,10,47.6797
4374,11,47.724900000000005
4374,12,47.815
4374,13,47.833600000000004
4374,14,47.896100000000004
4374,15,47.9755
4374,16,48.0597
4374,17,48.1413
4374,18,48.191900000000004
4374,19,48.2536
4374,20,48.2627
4374,21,48.3139
4374,22,48.3649
4374,23,48.4372
4374,24,48.5136
4374,25,48.5694
4374,26,48.665499999999994
4374,27,48.67
4374,28,48.711499999999994
4374,29,48.75279999999999
4374,30,48.7676
4374,31,48.8125
4374,32,48.831199999999995
4374,33,48.8797
4374,34,48.9006
4374,35,48.948
4374,36,48.9892
4374,37,49.0222
4374,38,49.025400000000005
4374,39,49.1376
4374,40,49.146699999999996
4374,41,49.2168
4374,42,49.2692
4374,43,49.2756
4374,44,49.2843
4374,45,49.349599999999995
4374,46,49.4118
4374,47,49.4391
4374,48,49.5403
4374,49,49.619600000000005
4374,50,49.621900000000004
4374,51,49.7158
4374,52,49.7859
4374,53,49.82809999999999
4374,54,49.8826
4374,55,49.9267
4374,56,49.9463
4374,57,50.014399999999995
4374,58,50.062400000000004
4374,59,50.125099999999996
4374,60,50.1681
4374,61,50.23779999999999
4374,62,50.2405
4374,63,50.25739999999999
4374,64,50.3201
4374,65,50.327600000000004
4374,66,50.3297
4374,67,50.3715
4374,68,50.431999999999995
4374,69,50.44800000000001
4374,70,50.494099999999996
4374,71,50.5479
4374,72,50.580200000000005
4374,73,50.5951
4374,74,50.619200000000006
4374,75,50.7183
4374,76,50.768600000000006
4374,77,50.83090000000001
4374,78,50.8903
4374,79,50.9555
4374,80,51.01
4374,81,51.0249
4374,82,51.041
4374,83,51.0817
4374,84,51.10380000000001
4374,85,51.1478
4374,86,51.19160000000001
4374,87,51.2962
4374,88,51.365399999999994
4374,89,51.4095
4374,90,51.462799999999994
4374,91,51.468199999999996
4374,92,51.5006
4374,93,51.516799999999996
4374,94,51.5794
4374,95,51.6389
4374,96,51.6451
4374,97,51.7431
4374,98,51.75320000000001
4374,99,51.8621
4374,100,51.8878
4428,1,47.140100000000004
4428,2,47.2294
4428,3,47.3064
4428,4,47.364999999999995
4428,5,47.4436
4428,6,47.48559999999999
4428,7,47.5466
4428,8,47.6309
4428,9,47.646
4428,10,47.7975
4428,11,47.864900000000006
4428,12,47.9359
4428,13,48.0276
4428,14,48.081599999999995
4428,15,48.1365
4428,16,48.1956
4428,17,48.2625
4428,18,48.367399999999996
4428,19,48.380199999999995
4428,20,48.435599999999994
4428,21,48.48609999999999
4428,22,48.5416
4428,23,48.5917
4428,24,48.635
4428,25,48.6667
4428,26,48.7333
4428,27,48.784200000000006
4428,28,48.8345
4428,29,48.94259999999999
4428,30,48.998
4428,31,49.021699999999996
4428,32,49.0362
4428,33,49.06830000000001
4428,34,49.1165
4428,35,49.17400000000001
4428,36,49.2426
4428,37,49.300700000000006
4428,38,49.345400000000005
4428,39,49.406
4428,40,49.4483
4428,41,49.499
4428,42,49.5363
4428,43,49.5701
4428,44,49.670100000000005
4428,45,49.6953
4428,46,49.7595
4428,47,49.8236
4428,48,49.87129999999999
4428,49,49.9186
4428,50,49.995900000000006
4428,51,50.069900000000004
4428,52,50.087
4428,53,50.1554
4428,54,50.19
4428,55,50.2521
4428,56,50.2943
4428,57,50.296800000000005
4428,58,50.2997
4428,59,50.3488
4428,60,50.3625
4428,61,50.378
4428,62,50.461500000000015
4428,63,50.467200000000005
4428,64,50.4697
4428,65,50.531099999999995
4428,66,50.578100000000006
4428,67,50.6164
4428,68,50.6512
4428,69,50.7162
4428,70,50.7257
4428,71,50.7706
4428,72,50.7809
4428,73,50.794700000000006
4428,74,50.803399999999996
4428,75,50.808
4428,76,50.8155
4428,77,50.879599999999996
4428,78,50.9456
4428,79,50.9563
4428,80,51.019999999999996
4428,81,51.066700000000004
4428,82,51.1396
4428,83,51.195800000000006
4428,84,51.1994
4428,85,51.2018
4428,86,51.21939999999999
4428,87,51.2355
4428,88,51.2465
4428,89,51.2581
4428,90,51.3166
4428,91,51.323299999999996
4428,92,51.388200000000005
4428,93,51.447799999999994
4428,94,51.4987
4428,95,51.4764
4428,96,51.5213
4428,97,51.5703
4428,98,51.6352
4428,99,51.715
4428,100,51.718799999999995
4432,1,47.151399999999995
4432,2,47.1885
4432,3,47.246300000000005
4432,4,47.331700000000005
4432,5,47.4164
4432,6,47.485
4432,7,47.584199999999996
4432,8,47.6768
4432,9,47.7231
4432,10,47.7906
4432,11,47.8594
4432,12,47.9445
4432,13,47.979299999999995
4432,14,48.0352
4432,15,48.0673
4432,16,48.1115
4432,17,48.1687
4432,18,48.289699999999996
4432,19,48.304
4432,20,48.323800000000006
4432,21,48.3684
4432,22,48.4029
4432,23,48.4681
4432,24,48.5045
4432,25,48.5632
4432,26,48.6074
4432,27,48.627399999999994
4432,28,48.6955
4432,29,48.7213
4432,30,48.7979
4432,31,48.8737
4432,32,48.9277
4432,33,48.9397
4432,34,48.9751
4432,35,49.0364
4432,36,49.09720000000001
4432,37,49.2008
4432,38,49.2576
4432,39,49.3321
4432,40,49.39280000000001
4432,41,49.456900000000005
4432,42,49.5329
4432,43,49.5978
4432,44,49.6626
4432,45,49.706500000000005
4432,46,49.7603
4432,47,49.764900000000004
4432,48,49.8325
4432,49,49.876
4432,50,49.8872
4432,51,49.9855
4432,52,49.99669999999999
4432,53,50.058400000000006
4432,54,50.107800000000005
4432,55,50.17
4432,56,50.18639999999999
4432,57,50.191
4432,58,50.2346
4432,59,50.2377
4432,60,50.2952
4432,61,50.31380000000001
4432,62,50.3454
4432,63,50.3858
4432,64,50.39460000000001
4432,65,50.4182
4432,66,50.4641
4432,67,50.5126
4432,68,50.590900000000005
4432,69,50.595600000000005
4432,70,50.6117
4432,71,50.6424
4432,72,50.64670000000001
4432,73,50.65089999999999
4432,74,50.6596
4432,75,50.7242
4432,76,50.7999
4432,77,50.8605
4432,78,50.863200000000006
4432,79,50.901999999999994
4432,80,50.9958
4432,81,51.0001
4432,82,51.0604
4432,83,51.094500000000004
4432,84,51.10090000000001
4432,85,51.104800000000004
4432,86,51.116200000000006
4432,87,51.181799999999996
4432,88,51.183400000000006
4432,89,51.252300000000005
4432,90,51.2654
4432,91,51.281099999999995
4432,92,51.319
4432,93,51.332899999999995
4432,94,51.3585
4432,95,51.424499999999995
4432,96,51.529300000000006
4432,97,51.5979
4432,98,51.68169999999999
4432,99,51.726
4432,100,51.7362
4821,1,47.1465
4821,2,47.259699999999995
4821,3,47.3243
4821,4,47.327799999999996
4821,5,47.3997
4821,6,47.492599999999996
4821,7,47.526700000000005
4821,8,47.5844
4821,9,47.5817
4821,10,47.664
4821,11,47.7581
4821,12,47.808800000000005
4821,13,47.8268
4821,14,47.8448
4821,15,47.893100000000004
4821,16,47.9182
4821,17,47.93470000000001
4821,18,47.9953
4821,19,48.008900000000004
4821,20,48.015
4821,21,48.0638
4821,22,48.1348
4821,23,48.1823
4821,24,48.2531
4821,25,48.3029
4821,26,48.3654
4821,27,48.433400000000006
4821,28,48.5073
4821,29,48.611599999999996
4821,30,48.6249
4821,31,48.6818
4821,32,48.7312
4821,33,48.8476
4821,34,48.9213
4821,35,48.9949
4821,36,49.0066
4821,37,49.07170000000001
4821,38,49.1498
4821,39,49.192099999999996
4821,40,49.2462
4821,41,49.3087
4821,42,49.378899999999994
4821,43,49.392199999999995
4821,44,49.4538
4821,45,49.493
4821,46,49.495900000000006
4821,47,49.5219
4821,48,49.5737
4821,49,49.652100000000004
4821,50,49.658699999999996
4821,51,49.665499999999994
4821,52,49.727900000000005
4821,53,49.765800000000006
4821,54,49.796099999999996
4821,55,49.8193
4821,56,49.88589999999999
4821,57,49.949200000000005
4821,58,49.995900000000006
4821,59,50.0518
4821,60,50.084199999999996
4821,61,50.120000000000005
4821,62,50.1587
4821,63,50.2196
4821,64,50.248900000000006
4821,65,50.293099999999995
4821,66,50.333
4821,67,50.38889999999999
4821,68,50.427600000000005
4821,69,50.462
4821,70,50.4781
4821,71,50.484
4821,72,50.50920000000001
4821,73,50.55820000000001
4821,74,50.5724
4821,75,50.5762
4821,76,50.5806
4821,77,50.6345
4821,78,50.692499999999995
4821,79,50.76140000000001
4821,80,50.843
4821,81,50.8817
4821,82,50.8924
4821,83,50.89659999999999
4821,84,50.927499999999995
4821,85,50.996500000000005
4821,86,51.037099999999995
4821,87,51.086
4821,88,51.156099999999995
4821,89,51.23610000000001
4821,90,51.2813
4821,91,51.342
4821,92,51.3536
4821,93,51.356899999999996
4821,94,51.40209999999999
4821,95,51.468900000000005
4821,96,51.5551
4821,97,51.571600000000004
4821,98,51.573600000000006
4821,99,51.57860000000001
4821,100,51.6772
4843,1,47.153999999999996
4843,2,47.2179
4843,3,47.294399999999996
4843,4,47.40689999999999
4843,5,47.48140000000001
4843,6,47.5737
4843,7,47.6338
4843,8,47.638200000000005
4843,9,47.649
4843,10,47.7016
4843,11,47.8093
4843,12,47.825
4843,13,47.861900000000006
4843,14,47.911699999999996
4843,15,47.9794
4843,16,48.031099999999995
4843,17,48.09609999999999
4843,18,48.1515
4843,19,48.1684
4843,20,48.221900000000005
4843,21,48.2756
4843,22,48.2838
4843,23,48.3058
4843,24,48.3646
4843,25,48.3968
4843,26,48.4509
4843,27,48.4957
4843,28,48.504900000000006
4843,29,48.5488
4843,30,48.612700000000004
4843,31,48.678
4843,32,48.745
4843,33,48.7958
4843,34,48.8562
4843,35,48.8614
4843,36,48.8815
4843,37,48.8842
4843,38,48.90950000000001
4843,39,48.9829
4843,40,49.0316
4843,41,49.0994
4843,42,49.1655
4843,43,49.186800000000005
4843,44,49.2381
4843,45,49.2751
4843,46,49.36109999999999
4843,47,49.40189999999999
4843,48,49.4187
4843,49,49.422999999999995
4843,50,49.4417
4843,51,49.494499999999995
4843,52,49.5023
4843,53,49.6084
4843,54,49.6378
4843,55,49.6913
4843,56,49.7011
4843,57,49.79379999999999
4843,58,49.796099999999996
4843,59,49.80029999999999
4843,60,49.8609
4843,61,49.89410000000001
4843,62,49.925399999999996
4843,63,49.9605
4843,64,49.998000000000005
4843,65,50.0331
4843,66,50.0868
4843,67,50.08980000000001
4843,68,50.10869999999999
4843,69,50.138
4843,70,50.1443
4843,71,50.1889
4843,72,50.2566
4843,73,50.275499999999994
4843,74,50.3648
4843,75,50.3742
4843,76,50.4392
4843,77,50.448499999999996
4843,78,50.5253
4843,79,50.582499999999996
4843,80,50.6082
4843,81,50.6181
4843,82,50.72319999999999
4843,83,50.77810000000001
4843,84,50.83709999999999
4843,85,50.8391
4843,86,50.897999999999996
4843,87,50.910399999999996
4843,88,50.9662
4843,89,50.968999999999994
4843,90,51.044
4843,91,51.0459
4843,92,51.0553
4843,93,51.057
4843,94,51.13609999999999
4843,95,51.1759
4843,96,51.227399999999996
4843,97,51.333200000000005
4843,98,51.403499999999994
4843,99,51.4076
4843,100,51.4705
4854,1,47.1482
4854,2,47.204899999999995
4854,3,47.3062
4854,4,47.3172
4854,5,47.3994
4854,6,47.4853
4854,7,47.544799999999995
4854,8,47.553
4854,9,47.6114
4854,10,47.67150000000001
4854,11,47.748599999999996
4854,12,47.808099999999996
4854,13,47.8968
4854,14,47.93090000000001
4854,15,47.9344
4854,16,48.08369999999999
4854,17,48.1799
4854,18,48.235699999999994
4854,19,48.30030000000001
4854,20,48.37820000000001
4854,21,48.441599999999994
4854,22,48.4671
4854,23,48.5165
4854,24,48.575199999999995
4854,25,48.6504
4854,26,48.668
4854,27,48.7295
4854,28,48.775099999999995
4854,29,48.8433
4854,30,48.9405
4854,31,49.015299999999996
4854,32,49.037000000000006
4854,33,49.1083
4854,34,49.12649999999999
4854,35,49.137699999999995
4854,36,49.20259999999999
4854,37,49.227199999999996
4854,38,49.24159999999999
4854,39,49.298
4854,40,49.355000000000004
4854,41,49.4105
4854,42,49.46159999999999
4854,43,49.545700000000004
4854,44,49.6514
4854,45,49.647600000000004
4854,46,49.6871
4854,47,49.744
4854,48,49.782999999999994
4854,49,49.785999999999994
4854,50,49.792500000000004
4854,51,49.8156
4854,52,49.840999999999994
4854,53,49.912400000000005
4854,54,49.915600000000005
4854,55,49.94070000000001
4854,56,50.021699999999996
4854,57,50.033699999999996
4854,58,50.0483
4854,59,50.09660000000001
4854,60,50.152100000000004
4854,61,50.173399999999994
4854,62,50.22710000000001
4854,63,50.2392
4854,64,50.2496
4854,65,50.3203
4854,66,50.388
4854,67,50.485200000000006
4854,68,50.5351
4854,69,50.625099999999996
4854,70,50.6263
4854,71,50.6296
4854,72,50.6618
4854,73,50.705
4854,74,50.730999999999995
4854,75,50.7471
4854,76,50.825700000000005
4854,77,50.85730000000001
4854,78,50.914199999999994
4854,79,50.924499999999995
4854,80,50.964800000000004
4854,81,51.0502
4854,82,51.137
4854,83,51.15
4854,84,51.165600000000005
4854,85,51.2288
4854,86,51.2894
4854,87,51.291399999999996
4854,88,51.298500000000004
4854,89,51.3358
4854,90,51.416900000000005
4854,91,51.4088
4854,92,51.409
4854,93,51.4184
4854,94,51.4553
4854,95,51.4746
4854,96,51.485899999999994
4854,97,51.576599999999985
4854,98,51.596999999999994
4854,99,51.6046
4854,100,51.61450000000001
4878,1,47.0886
4878,2,47.15440000000001
4878,3,47.2141
4878,4,47.3236
4878,5,47.3788
4878,6,47.423
4878,7,47.491200000000006
4878,8,47.511300000000006
4878,9,47.5218
4878,10,47.606300000000005
4878,11,47.7576
4878,12,47.8086
4878,13,47.8641
4878,14,47.92549999999999
4878,15,47.9725
4878,16,48.0788
4878,17,48.1509
4878,18,48.2685
4878,19,48.3213
4878,20,48.337300000000006
4878,21,48.4032
4878,22,48.4766
4878,23,48.530499999999996
4878,24,48.582499999999996
4878,25,48.64960000000001
4878,26,48.6943
4878,27,48.7543
4878,28,48.797
4878,29,48.799
4878,30,48.8028
4878,31,48.86240000000001
4878,32,48.934
4878,33,48.968
4878,34,49.025200000000005
4878,35,49.116
4878,36,49.173100000000005
4878,37,49.202000000000005
4878,38,49.2069
4878,39,49.2325
4878,40,49.2654
4878,41,49.3227
4878,42,49.3681
4878,43,49.3807
4878,44,49.431799999999996
4878,45,49.438500000000005
4878,46,49.488
4878,47,49.546800000000005
4878,48,49.60029999999999
4878,49,49.60329999999999
4878,50,49.6429
4878,51,49.7153
4878,52,49.7448
4878,53,49.7801
4878,54,49.82939999999999
4878,55,49.84299999999999
4878,56,49.8963
4878,57,49.903099999999995
4878,58,49.92609999999999
4878,59,49.95439999999999
4878,60,49.9655
4878,61,50.0193
4878,62,50.07170000000001
4878,63,50.115300000000005
4878,64,50.1202
4878,65,50.1778
4878,66,50.215999999999994
4878,67,50.21730000000001
4878,68,50.26440000000001
4878,69,50.279799999999994
4878,70,50.306799999999996
4878,71,50.32040000000001
4878,72,50.398999999999994
4878,73,50.4857
4878,74,50.5244
4878,75,50.5898
4878,76,50.6168
4878,77,50.6225
4878,78,50.6969
4878,79,50.7008
4878,80,50.739
4878,81,50.780499999999996
4878,82,50.819900000000004
4878,83,50.8781
4878,84,50.985000000000014
4878,85,51.0608
4878,86,51.0743
4878,87,51.106300000000005
4878,88,51.16589999999999
4878,89,51.22710000000001
4878,90,51.2462
4878,91,51.276700000000005
4878,92,51.2954
4878,93,51.311899999999994
4878,94,51.3391
4878,95,51.363
4878,96,51.4436
4878,97,51.465199999999996
4878,98,51.532700000000006
4878,99,51.549400000000006
4878,100,51.64750000000001
4897,1,47.1473
4897,2,47.2029
4897,3,47.220600000000005
4897,4,47.334
4897,5,47.3874
4897,6,47.4562
4897,7,47.5501
4897,8,47.6262
4897,9,47.7584
4897,10,47.80380000000001
4897,11,47.8513
4897,12,47.886
4897,13,47.96210000000001
4897,14,48.0158
4897,15,48.0896
4897,16,48.1638
4897,17,48.2141
4897,18,48.278400000000005
4897,19,48.33
4897,20,48.393100000000004
4897,21,48.450500000000005
4897,22,48.53210000000001
4897,23,48.6041
4897,24,48.617900000000006
4897,25,48.6803
4897,26,48.7495
4897,27,48.8108
4897,28,48.8765
4897,29,48.91890000000001
4897,30,48.9742
4897,31,49.015699999999995
4897,32,49.058099999999996
4897,33,49.1395
4897,34,49.112100000000005
4897,35,49.1279
4897,36,49.1421
4897,37,49.2008
4897,38,49.30080000000001
4897,39,49.3558
4897,40,49.412600000000005
4897,41,49.45139999999999
4897,42,49.4678
4897,43,49.4898
4897,44,49.5603
4897,45,49.58
4897,46,49.6567
4897,47,49.70440000000001
4897,48,49.7721
4897,49,49.82040000000001
4897,50,49.870400000000004
4897,51,49.9306
4897,52,50.004000000000005
4897,53,50.047700000000006
4897,54,50.0991
4897,55,50.16629999999999
4897,56,50.2239
4897,57,50.29430000000001
4897,58,50.3344
4897,59,50.3789
4897,60,50.409800000000004
4897,61,50.44840000000001
4897,62,50.519600000000004
4897,63,50.596199999999996
4897,64,50.6712
4897,65,50.726
4897,66,50.7788
4897,67,50.858200000000004
4897,68,50.906499999999994
4897,69,50.992599999999996
4897,70,50.994
4897,71,51.029799999999994
4897,72,51.0453
4897,73,51.063199999999995
4897,74,51.068299999999994
4897,75,51.1271
4897,76,51.1396
4897,77,51.1596
4897,78,51.19330000000001
4897,79,51.1994
4897,80,51.21549999999999
4897,81,51.237199999999994
4897,82,51.250299999999996
4897,83,51.251099999999994
4897,84,51.2773
4897,85,51.301300000000005
4897,86,51.3544
4897,87,51.35990000000001
4897,88,51.40790000000001
4897,89,51.4806
4897,90,51.4889
4897,91,51.4962
4897,92,51.5655
4897,93,51.58070000000001
4897,94,51.625299999999996
4897,95,51.6836
4897,96,51.7775
4897,97,51.8403
4897,98,51.8518
4897,99,51.9019
4897,100,51.91159999999999
4937,1,47.1404
4937,2,47.2508
4937,3,47.3356
4937,4,47.4108
4937,5,47.4708
4937,6,47.535700000000006
4937,7,47.6106
4937,8,47.6259
4937,9,47.6923
4937,10,47.754400000000004
4937,11,47.8031
4937,12,47.8052
4937,13,47.8648
4937,14,47.914
4937,15,47.966300000000004
4937,16,48.0034
4937,17,48.13839999999999
4937,18,48.2027
4937,19,48.267700000000005
4937,20,48.35600000000001
4937,21,48.4071
4937,22,48.448899999999995
4937,23,48.495599999999996
4937,24,48.57040000000001
4937,25,48.635600000000004
4937,26,48.696600000000004
4937,27,48.7195
4937,28,48.7582
4937,29,48.823
4937,30,48.881299999999996
4937,31,48.8897
4937,32,48.9123
4937,33,48.9544
4937,34,48.978100000000005
4937,35,49.011700000000005
4937,36,49.0912
4937,37,49.145700000000005
4937,38,49.2167
4937,39,49.239900000000006
4937,40,49.2762
4937,41,49.2787
4937,42,49.3301
4937,43,49.3429
4937,44,49.4118
4937,45,49.415800000000004
4937,46,49.4911
4937,47,49.548700000000004
4937,48,49.554199999999994
4937,49,49.631
4937,50,49.713300000000004
4937,51,49.7989
4937,52,49.869699999999995
4937,53,49.8876
4937,54,49.9583
4937,55,49.9889
4937,56,50.04339999999999
4937,57,50.08240000000001
4937,58,50.0907
4937,59,50.1892
4937,60,50.2471
4937,61,50.259499999999996
4937,62,50.3535
4937,63,50.399
4937,64,50.4126
4937,65,50.4213
4937,66,50.495099999999994
4937,67,50.501000000000005
4937,68,50.5516
4937,69,50.572100000000006
4937,70,50.639300000000006
4937,71,50.6462
4937,72,50.656200000000005
4937,73,50.7199
4937,74,50.7508
4937,75,50.759299999999996
4937,76,50.8116
4937,77,50.82639999999999
4937,78,50.9199
4937,79,50.9354
4937,80,50.947
4937,81,50.950599999999994
4937,82,50.96849999999999
4937,83,51.0313
4937,84,51.05340000000001
4937,85,51.059799999999996
4937,86,51.1053
4937,87,51.1739
4937,88,51.1965
4937,89,51.23800000000001
4937,90,51.3013
4937,91,51.35680000000001
4937,92,51.359500000000004
4937,93,51.3839
4937,94,51.398300000000006
4937,95,51.4114
4937,96,51.4156
4937,97,51.4245
4937,98,51.5192
4937,99,51.5616
4937,100,51.632000000000005
5173,1,47.115300000000005
5173,2,47.143299999999996
5173,3,47.1464
5173,4,47.19970000000001
5173,5,47.2131
5173,6,47.222899999999996
5173,7,47.3274
5173,8,47.4339
5173,9,47.4969
5173,10,47.5516
5173,11,47.6078
5173,12,47.675200000000004
5173,13,47.7578
5173,14,47.778400000000005
5173,15,47.780699999999996
5173,16,47.809
5173,17,47.8872
5173,18,47.915099999999995
5173,19,48.018
5173,20,48.080299999999994
5173,21,48.138400000000004
5173,22,48.2079
5173,23,48.2821
5173,24,48.380799999999994
5173,25,48.4434
5173,26,48.516600000000004
5173,27,48.5257
5173,28,48.574799999999996
5173,29,48.5884
5173,30,48.6436
5173,31,48.701499999999996
5173,32,48.7508
5173,33,48.8386
5173,34,48.8855
5173,35,48.9045
5173,36,48.992599999999996
5173,37,49.0522
5173,38,49.1044
5173,39,49.1259
5173,40,49.1806
5173,41,49.186099999999996
5173,42,49.240199999999994
5173,43,49.306799999999996
5173,44,49.33370000000001
5173,45,49.4335
5173,46,49.435
5173,47,49.4929
5173,48,49.5341
5173,49,49.5958
5173,50,49.6814
5173,51,49.6848
5173,52,49.7264
5173,53,49.768299999999996
5173,54,49.7916
5173,55,49.905699999999996
5173,56,49.9731
5173,57,49.9778
5173,58,49.981700000000004
5173,59,50.0276
5173,60,50.0759
5173,61,50.0873
5173,62,50.1694
5173,63,50.23100000000001
5173,64,50.2298
5173,65,50.3018
5173,66,50.4255
5173,67,50.47579999999999
5173,68,50.5179
5173,69,50.5713
5173,70,50.6386
5173,71,50.672700000000006
5173,72,50.6742
5173,73,50.7188
5173,74,50.753699999999995
5173,75,50.816700000000004
5173,76,50.805299999999995
5173,77,50.8088
5173,78,50.811499999999995
5173,79,50.9006
5173,80,50.919900000000005
5173,81,50.98230000000001
5173,82,51.039199999999994
5173,83,51.042500000000004
5173,84,51.05669999999999
5173,85,51.064699999999995
5173,86,51.076
5173,87,51.1212
5173,88,51.1238
5173,89,51.128
5173,90,51.1866
5173,91,51.22319999999999
5173,92,51.23989999999999
5173,93,51.262699999999995
5173,94,51.26689999999999
5173,95,51.27449999999999
5173,96,51.323899999999995
5173,97,51.3938
5173,98,51.472899999999996
5173,99,51.530899999999995
5173,100,51.58970000000001
5230,1,47.0994
5230,2,47.1936
5230,3,47.25920000000001
5230,4,47.3125
5230,5,47.3262
5230,6,47.3903
5230,7,47.425000000000004
5230,8,47.5466
5230,9,47.581999999999994
5230,10,47.6189
5230,11,47.721599999999995
5230,12,47.7753
5230,13,47.841
5230,14,47.9059
5230,15,47.992000000000004
5230,16,48.068
5230,17,48.1337
5230,18,48.189
5230,19,48.2444
5230,20,48.279399999999995
5230,21,48.325500000000005
5230,22,48.3925
5230,23,48.4102
5230,24,48.4645
5230,25,48.5033
5230,26,48.5965
5230,27,48.6818
5230,28,48.72019999999999
5230,29,48.784
5230,30,48.8508
5230,31,48.917699999999996
5230,32,48.9804
5230,33,49.041700000000006
5230,34,49.0912
5230,35,49.1374
5230,36,49.203700000000005
5230,37,49.2718
5230,38,49.34630000000001
5230,39,49.358599999999996
5230,40,49.4241
5230,41,49.4414
5230,42,49.5065
5230,43,49.58710000000001
5230,44,49.6369
5230,45,49.70440000000001
5230,46,49.765499999999996
5230,47,49.832300000000004
5230,48,49.8607
5230,49,49.888400000000004
5230,50,49.9296
5230,51,49.97580000000001
5230,52,50.026300000000006
5230,53,50.06790000000001
5230,54,50.122699999999995
5230,55,50.171899999999994
5230,56,50.243
5230,57,50.2474
5230,58,50.262699999999995
5230,59,50.3096
5230,60,50.3523
5230,61,50.4366
5230,62,50.4855
5230,63,50.519099999999995
5230,64,50.532399999999996
5230,65,50.6361
5230,66,50.694100000000006
5230,67,50.744
5230,68,50.8019
5230,69,50.8647
5230,70,50.8749
5230,71,50.8925
5230,72,50.9584
5230,73,51.01979999999999
5230,74,51.0306
5230,75,51.0548
5230,76,51.0603
5230,77,51.117200000000004
5230,78,51.1923
5230,79,51.30590000000001
5230,80,51.3701
5230,81,51.444100000000006
5230,82,51.496100000000006
5230,83,51.5101
5230,84,51.52270000000001
5230,85,51.5368
5230,86,51.60180000000001
5230,87,51.6151
5230,88,51.631299999999996
5230,89,51.656000000000006
5230,90,51.7275
5230,91,51.78099999999999
5230,92,51.8198
5230,93,51.9434
5230,94,51.9949
5230,95,51.994200000000006
5230,96,52.0797
5230,97,52.1399
5230,98,52.2565
5230,99,52.357299999999995
5230,100,52.40689999999999
5455,1,47.1234
5455,2,47.2035
5455,3,47.2632
5455,4,47.3296
5455,5,47.4168
5455,6,47.487700000000004
5455,7,47.555800000000005
5455,8,47.637600000000006
5455,9,47.641400000000004
5455,10,47.7391
5455,11,47.80329999999999
5455,12,47.8585
5455,13,47.9217
5455,14,47.9874
5455,15,48.0435
5455,16,48.16330000000001
5455,17,48.1918
5455,18,48.2402
5455,19,48.300000000000004
5455,20,48.329499999999996
5455,21,48.333200000000005
5455,22,48.3681
5455,23,48.4933
5455,24,48.5913
5455,25,48.6468
5455,26,48.690200000000004
5455,27,48.739900000000006
5455,28,48.782
5455,29,48.8044
5455,30,48.86580000000001
5455,31,48.91480000000001
5455,32,48.980999999999995
5455,33,48.9851
5455,34,49.03869999999999
5455,35,49.038
5455,36,49.08239999999999
5455,37,49.0894
5455,38,49.1712
5455,39,49.1811
5455,40,49.2632
5455,41,49.284400000000005
5455,42,49.30000000000001
5455,43,49.3544
5455,44,49.3728
5455,45,49.3896
5455,46,49.4829
5455,47,49.4924
5455,48,49.4867
5455,49,49.49
5455,50,49.5244
5455,51,49.5837
5455,52,49.6245
5455,53,49.676100000000005
5455,54,49.689899999999994
5455,55,49.7536
5455,56,49.762699999999995
5455,57,49.8019
5455,58,49.852599999999995
5455,59,49.911699999999996
5455,60,49.9212
5455,61,49.96940000000001
5455,62,49.972300000000004
5455,63,49.97430000000001
5455,64,49.989
5455,65,50.0489
5455,66,50.0992
5455,67,50.14040000000001
5455,68,50.1849
5455,69,50.182
5455,70,50.2419
5455,71,50.321600000000004
5455,72,50.42660000000001
5455,73,50.5015
5455,74,50.532700000000006
5455,75,50.56939999999999
5455,76,50.6394
5455,77,50.7067
5455,78,50.736000000000004
5455,79,50.772600000000004
5455,80,50.764700000000005
5455,81,50.7807
5455,82,50.8429
5455,83,50.858
5455,84,50.9292
5455,85,51.0086
5455,86,51.0768
5455,87,51.1579
5455,88,51.22
5455,89,51.302099999999996
5455,90,51.325
5455,91,51.4179
5455,92,51.4303
5455,93,51.445899999999995
5455,94,51.5239
5455,95,51.5936
5455,96,51.604800000000004
5455,97,51.6185
5455,98,51.67359999999999
5455,99,51.717200000000005
5455,100,51.790800000000004
6297,1,47.158300000000004
6297,2,47.2525
6297,3,47.320800000000006
6297,4,47.3904
6297,5,47.4691
6297,6,47.5231
6297,7,47.5425
6297,8,47.5796
6297,9,47.5964
6297,10,47.681200000000004
6297,11,47.7499
6297,12,47.89939999999999
6297,13,47.9697
6297,14,48.0641
6297,15,48.1079
6297,16,48.123099999999994
6297,17,48.2124
6297,18,48.2149
6297,19,48.277300000000004
6297,20,48.303
6297,21,48.3584
6297,22,48.36710000000001
6297,23,48.4153
6297,24,48.474500000000006
6297,25,48.5018
6297,26,48.54509999999999
6297,27,48.599000000000004
6297,28,48.6706
6297,29,48.724500000000006
6297,30,48.78920000000001
6297,31,48.84310000000001
6297,32,48.915800000000004
6297,33,48.918800000000005
6297,34,48.964
6297,35,48.9754
6297,36,49.039100000000005
6297,37,49.137899999999995
6297,38,49.18770000000001
6297,39,49.2157
6297,40,49.265
6297,41,49.322500000000005
6297,42,49.372
6297,43,49.4186
6297,44,49.471000000000004
6297,45,49.49379999999999
6297,46,49.54260000000001
6297,47,49.6253
6297,48,49.6422
6297,49,49.653400000000005
6297,50,49.7033
6297,51,49.7555
6297,52,49.7963
6297,53,49.8392
6297,54,49.8852
6297,55,49.9059
6297,56,49.9468
6297,57,49.9896
6297,58,50.039
6297,59,50.09689999999999
6297,60,50.1165
6297,61,50.171099999999996
6297,62,50.2359
6297,63,50.325500000000005
6297,64,50.3957
6297,65,50.4383
6297,66,50.4876
6297,67,50.5326
6297,68,50.60079999999999
6297,69,50.6545
6297,70,50.72
6297,71,50.7826
6297,72,50.8282
6297,73,50.836
6297,74,50.88929999999999
6297,75,50.968599999999995
6297,76,51.051700000000004
6297,77,51.143600000000006
6297,78,51.1773
6297,79,51.259699999999995
6297,80,51.276700000000005
6297,81,51.2871
6297,82,51.326800000000006
6297,83,51.342
6297,84,51.349599999999995
6297,85,51.3548
6297,86,51.3849
6297,87,51.39189999999999
6297,88,51.41420000000001
6297,89,51.427200000000006
6297,90,51.4559
6297,91,51.488800000000005
6297,92,51.51899999999999
6297,93,51.5399
6297,94,51.572700000000005
6297,95,51.6513
6297,96,51.708
6297,97,51.721599999999995
6297,98,51.73789999999999
6297,99,51.78889999999999
6297,100,51.829899999999995
6304,1,47.12479999999999
6304,2,47.168099999999995
6304,3,47.26690000000001
6304,4,47.359700000000004
6304,5,47.4135
6304,6,47.4661
6304,7,47.53360000000001
6304,8,47.5853
6304,9,47.6416
6304,10,47.6945
6304,11,47.7512
6304,12,47.759100000000004
6304,13,47.847300000000004
6304,14,47.9167
6304,15,47.98649999999999
6304,16,48.05029999999999
6304,17,48.0989
6304,18,48.19420000000001
6304,19,48.254000000000005
6304,20,48.31060000000001
6304,21,48.352599999999995
6304,22,48.458600000000004
6304,23,48.5519
6304,24,48.623999999999995
6304,25,48.6947
6304,26,48.7572
6304,27,48.8295
6304,28,48.9001
6304,29,49.006299999999996
6304,30,49.064800000000005
6304,31,49.1347
6304,32,49.20100000000001
6304,33,49.204899999999995
6304,34,49.2731
6304,35,49.280100000000004
6304,36,49.393
6304,37,49.445499999999996
6304,38,49.531000000000006
6304,39,49.6119
6304,40,49.6991
6304,41,49.7557
6304,42,49.7894
6304,43,49.872
6304,44,49.95360000000001
6304,45,49.9571
6304,46,50.020799999999994
6304,47,50.0393
6304,48,50.116299999999995
6304,49,50.1539
6304,50,50.188500000000005
6304,51,50.2364
6304,52,50.2522
6304,53,50.2645
6304,54,50.33749999999999
6304,55,50.39919999999999
6304,56,50.4699
6304,57,50.488299999999995
6304,58,50.5415
6304,59,50.58970000000001
6304,60,50.5991
6304,61,50.6105
6304,62,50.6447
6304,63,50.7033
6304,64,50.715599999999995
6304,65,50.7893
6304,66,50.8502
6304,67,50.931900000000006
6304,68,50.973099999999995
6304,69,51.039
6304,70,51.0429
6304,71,51.0895
6304,72,51.0955
6304,73,51.170199999999994
6304,74,51.1821
6304,75,51.19669999999999
6304,76,51.213499999999996
6304,77,51.2269
6304,78,51.252700000000004
6304,79,51.308
6304,80,51.3103
6304,81,51.3137
6304,82,51.3497
6304,83,51.3596
6304,84,51.437999999999995
6304,85,51.4404
6304,86,51.4818
6304,87,51.5385
6304,88,51.618599999999994
6304,89,51.7234
6304,90,51.729699999999994
6304,91,51.73989999999999
6304,92,51.852599999999995
6304,93,51.8708
6304,94,51.9189
6304,95,51.9355
6304,96,51.933
6304,97,52.003299999999996
6304,98,52.051500000000004
6304,99,52.05460000000001
6304,100,52.0963
6307,1,47.1422
6307,2,47.1914
6307,3,47.244800000000005
6307,4,47.3134
6307,5,47.37809999999999
6307,6,47.4671
6307,7,47.4725
6307,8,47.565599999999996
6307,9,47.62639999999999
6307,10,47.730199999999996
6307,11,47.7817
6307,12,47.8282
6307,13,47.950599999999994
6307,14,47.9925
6307,15,48.045
6307,16,48.173
6307,17,48.2447
6307,18,48.280899999999995
6307,19,48.349799999999995
6307,20,48.3658
6307,21,48.4362
6307,22,48.4918
6307,23,48.565200000000004
6307,24,48.6027
6307,25,48.6368
6307,26,48.7043
6307,27,48.751799999999996
6307,28,48.828199999999995
6307,29,48.911899999999996
6307,30,48.9853
6307,31,49.0501
6307,32,49.061099999999996
6307,33,49.13550000000001
6307,34,49.202600000000004
6307,35,49.254900000000006
6307,36,49.317299999999996
6307,37,49.3751
6307,38,49.417
6307,39,49.4917
6307,40,49.5352
6307,41,49.5967
6307,42,49.6172
6307,43,49.620000000000005
6307,44,49.6753
6307,45,49.7197
6307,46,49.8153
6307,47,49.8328
6307,48,49.84479999999999
6307,49,49.8671
6307,50,49.9495
6307,51,49.99340000000001
6307,52,50.054300000000005
6307,53,50.1079
6307,54,50.1426
6307,55,50.1539
6307,56,50.22169999999999
6307,57,50.23140000000001
6307,58,50.2796
6307,59,50.337
6307,60,50.3892
6307,61,50.38680000000001
6307,62,50.4574
6307,63,50.5393
6307,64,50.584999999999994
6307,65,50.682
6307,66,50.69970000000001
6307,67,50.78500000000001
6307,68,50.84349999999999
6307,69,50.78339999999999
6307,70,50.789899999999996
6307,71,50.861799999999995
6307,72,50.892
6307,73,50.918
6307,74,50.9165
6307,75,51.0103
6307,76,51.0571
6307,77,51.0839
6307,78,51.0963
6307,79,51.1551
6307,80,51.1824
6307,81,51.2341
6307,82,51.28259999999999
6307,83,51.3724
6307,84,51.4022
6307,85,51.404300000000006
6307,86,51.4713
6307,87,51.5796
6307,88,51.5804
6307,89,51.681400000000004
6307,90,51.6884
6307,91,51.7659
6307,92,51.763099999999994
6307,93,51.8471
6307,94,51.8452
6307,95,51.8405
6307,96,51.9299
6307,97,51.975300000000004
6307,98,52.05309999999999
6307,99,52.0965
6307,100,52.1593
6415,1,47.07769999999999
6415,2,47.1415
6415,3,47.1874
6415,4,47.3389
6415,5,47.423
6415,6,47.4852
6415,7,47.577
6415,8,47.6447
6415,9,47.7343
6415,10,47.7884
6415,11,47.8149
6415,12,47.8561
6415,13,47.9092
6415,14,47.9583
6415,15,47.9894
6415,16,48.060700000000004
6415,17,48.1313
6415,18,48.188500000000005
6415,19,48.3046
6415,20,48.3483
6415,21,48.4237
6415,22,48.5017
6415,23,48.53530000000001
6415,24,48.5946
6415,25,48.636700000000005
6415,26,48.6417
6415,27,48.7097
6415,28,48.7278
6415,29,48.7449
6415,30,48.7776
6415,31,48.83710000000001
6415,32,48.8391
6415,33,48.9161
6415,34,48.9765
6415,35,49.047799999999995
6415,36,49.145399999999995
6415,37,49.194500000000005
6415,38,49.2467
6415,39,49.3045
6415,40,49.307500000000005
6415,41,49.31739999999999
6415,42,49.372
6415,43,49.449
6415,44,49.453100000000006
6415,45,49.4705
6415,46,49.50639999999999
6415,47,49.563
6415,48,49.621199999999995
6415,49,49.6691
6415,50,49.7308
6415,51,49.790600000000005
6415,52,49.830600000000004
6415,53,49.891200000000005
6415,54,49.949200000000005
6415,55,49.96459999999999
6415,56,50.0265
6415,57,50.043
6415,58,50.1002
6415,59,50.197100000000006
6415,60,50.2732
6415,61,50.31
6415,62,50.35419999999999
6415,63,50.3772
6415,64,50.4212
6415,65,50.4752
6415,66,50.51010000000001
6415,67,50.519000000000005
6415,68,50.569500000000005
6415,69,50.62350000000001
6415,70,50.6232
6415,71,50.63290000000001
6415,72,50.6887
6415,73,50.6937
6415,74,50.730999999999995
6415,75,50.755199999999995
6415,76,50.766600000000004
6415,77,50.8173
6415,78,50.870999999999995
6415,79,50.8796
6415,80,50.9405
6415,81,50.9521
6415,82,51.0352
6415,83,51.10119999999999
6415,84,51.1169
6415,85,51.1863
6415,86,51.2011
6415,87,51.2732
6415,88,51.31
6415,89,51.4144
6415,90,51.462500000000006
6415,91,51.544700000000006
6415,92,51.59270000000001
6415,93,51.662
6415,94,51.6841
6415,95,51.6917
6415,96,51.8087
6415,97,51.93299999999999
6415,98,52.0159
6415,99,52.087599999999995
6415,100,52.1376
6466,1,47.158699999999996
6466,2,47.2504
6466,3,47.403800000000004
6466,4,47.4569
6466,5,47.471000000000004
6466,6,47.487899999999996
6466,7,47.5264
6466,8,47.60470000000001
6466,9,47.6224
6466,10,47.7057
6466,11,47.7702
6466,12,47.8091
6466,13,47.8121
6466,14,47.857
6466,15,47.9596
6466,16,47.9846
6466,17,48.06100000000001
6466,18,48.1113
6466,19,48.12650000000001
6466,20,48.1293
6466,21,48.187
6466,22,48.2415
6466,23,48.2448
6466,24,48.2577
6466,25,48.311099999999996
6466,26,48.342299999999994
6466,27,48.3963
6466,28,48.4846
6466,29,48.5616
6466,30,48.592
6466,31,48.631
6466,32,48.713899999999995
6466,33,48.75699999999999
6466,34,48.81410000000001
6466,35,48.89960000000001
6466,36,48.919399999999996
6466,37,48.924800000000005
6466,38,48.9632
6466,39,49.01790000000001
6466,40,49.028099999999995
6466,41,49.042500000000004
6466,42,49.09899999999999
6466,43,49.1768
6466,44,49.1728
6466,45,49.1858
6466,46,49.2464
6466,47,49.3191
6466,48,49.3716
6466,49,49.3785
6466,50,49.4022
6466,51,49.4422
6466,52,49.4533
6466,53,49.502300000000005
6466,54,49.5466
6466,55,49.5715
6466,56,49.6187
6466,57,49.647400000000005
6466,58,49.66550000000001
6466,59,49.72239999999999
6466,60,49.7821
6466,61,49.8444
6466,62,49.88720000000001
6466,63,49.9264
6466,64,49.9379
6466,65,50.0542
6466,66,50.06700000000001
6466,67,50.1199
6466,68,50.1226
6466,69,50.141999999999996
6466,70,50.21679999999999
6466,71,50.2301
6466,72,50.2952
6466,73,50.298700000000004
6466,74,50.306799999999996
6466,75,50.3356
6466,76,50.3565
6466,77,50.36619999999999
6466,78,50.4265
6466,79,50.521
6466,80,50.519400000000005
6466,81,50.575199999999995
6466,82,50.63340000000001
6466,83,50.70400000000001
6466,84,50.72880000000001
6466,85,50.780300000000004
6466,86,50.84559999999999
6466,87,50.9144
6466,88,50.99600000000001
6466,89,51.04780000000001
6466,90,51.05
6466,91,51.0975
6466,92,51.1582
6466,93,51.181
6466,94,51.22710000000001
6466,95,51.2547
6466,96,51.2946
6466,97,51.3095
6466,98,51.3517
6466,99,51.3612
6466,100,51.4048
6469,1,47.125099999999996
6469,2,47.1707
6469,3,47.229200000000006
6469,4,47.2979
6469,5,47.3667
6469,6,47.41629999999999
6469,7,47.5182
6469,8,47.5702
6469,9,47.642199999999995
6469,10,47.666000000000004
6469,11,47.76649999999999
6469,12,47.853500000000004
6469,13,47.8876
6469,14,47.9738
6469,15,47.989999999999995
6469,16,47.9807
6469,17,48.0672
6469,18,48.106700000000004
6469,19,48.1649
6469,20,48.2246
6469,21,48.273300000000006
6469,22,48.3301
6469,23,48.3952
6469,24,48.4503
6469,25,48.5176
6469,26,48.5822
6469,27,48.6701
6469,28,48.68939999999999
6469,29,48.7599
6469,30,48.79600000000001
6469,31,48.898300000000006
6469,32,48.9393
6469,33,49.0329
6469,34,49.1218
6469,35,49.1744
6469,36,49.21690000000001
6469,37,49.273799999999994
6469,38,49.344
6469,39,49.3587
6469,40,49.4252
6469,41,49.4563
6469,42,49.4953
6469,43,49.588100000000004
6469,44,49.669999999999995
6469,45,49.7291
6469,46,49.8273
6469,47,49.8913
6469,48,49.952200000000005
6469,49,49.9607
6469,50,49.9633
6469,51,49.9753
6469,52,50.019400000000005
6469,53,50.086600000000004
6469,54,50.09020000000001
6469,55,50.1095
6469,56,50.15169999999999
6469,57,50.215599999999995
6469,58,50.2671
6469,59,50.294
6469,60,50.295500000000004
6469,61,50.33930000000001
6469,62,50.3879
6469,63,50.390100000000004
6469,64,50.4345
6469,65,50.4607
6469,66,50.465500000000006
6469,67,50.4703
6469,68,50.4837
6469,69,50.51740000000001
6469,70,50.5291
6469,71,50.609300000000005
6469,72,50.6131
6469,73,50.631499999999996
6469,74,50.64529999999999
6469,75,50.7097
6469,76,50.7214
6469,77,50.7666
6469,78,50.806400000000004
6469,79,50.831100000000006
6469,80,50.8436
6469,81,50.867
6469,82,50.86919999999999
6469,83,50.94019999999999
6469,84,50.96619999999999
6469,85,50.9738
6469,86,50.981399999999994
6469,87,51.056599999999996
6469,88,51.1274
6469,89,51.1367
6469,90,51.184200000000004
6469,91,51.1888
6469,92,51.2267
6469,93,51.2954
6469,94,51.2749
6469,95,51.323899999999995
6469,96,51.3313
6469,97,51.337900000000005
6469,98,51.40010000000001
6469,99,51.4102
6469,100,51.4252
6473,1,47.1289
6473,2,47.2218
6473,3,47.29469999999999
6473,4,47.380700000000004
6473,5,47.4248
6473,6,47.4875
6473,7,47.4952
6473,8,47.5479
6473,9,47.559799999999996
6473,10,47.6165
6473,11,47.67569999999999
6473,12,47.7172
6473,13,47.7714
6473,14,47.79560000000001
6473,15,47.8761
6473,16,47.9293
6473,17,47.988400000000006
6473,18,48.0561
6473,19,48.08500000000001
6473,20,48.1327
6473,21,48.182
6473,22,48.221500000000006
6473,23,48.22540000000001
6473,24,48.2341
6473,25,48.272800000000004
6473,26,48.285599999999995
6473,27,48.2949
6473,28,48.39149999999999
6473,29,48.4601
6473,30,48.523599999999995
6473,31,48.57260000000001
6473,32,48.6225
6473,33,48.6328
6473,34,48.6648
6473,35,48.732299999999995
6473,36,48.766099999999994
6473,37,48.8501
6473,38,48.897800000000004
6473,39,48.929
6473,40,48.9987
6473,41,49.06250000000001
6473,42,49.108599999999996
6473,43,49.1303
6473,44,49.176
6473,45,49.222500000000004
6473,46,49.2551
6473,47,49.2585
6473,48,49.3071
6473,49,49.408899999999996
6473,50,49.4906
6473,51,49.537
6473,52,49.561099999999996
6473,53,49.651300000000006
6473,54,49.6981
6473,55,49.7282
6473,56,49.745900000000006
6473,57,49.81699999999999
6473,58,49.876099999999994
6473,59,49.90449999999999
6473,60,49.97709999999999
6473,61,49.9859
6473,62,50.0303
6473,63,50.0578
6473,64,50.0613
6473,65,50.0933
6473,66,50.16160000000001
6473,67,50.2229
6473,68,50.239900000000006
6473,69,50.32119999999999
6473,70,50.405
6473,71,50.46600000000001
6473,72,50.5346
6473,73,50.6135
6473,74,50.652
6473,75,50.6969
6473,76,50.7671
6473,77,50.8002
6473,78,50.8866
6473,79,50.936099999999996
6473,80,51.02120000000001
6473,81,51.0895
6473,82,51.126999999999995
6473,83,51.187999999999995
6473,84,51.225899999999996
6473,85,51.2936
6473,86,51.2675
6473,87,51.29610000000001
6473,88,51.328700000000005
6473,89,51.3602
6473,90,51.4345
6473,91,51.5094
6473,92,51.524100000000004
6473,93,51.57600000000001
6473,94,51.5993
6473,95,51.658500000000004
6473,96,51.6786
6473,97,51.718399999999995
6473,98,51.7308
6473,99,51.7485
6473,100,51.802299999999995
6640,1,47.1169
6640,2,47.13159999999999
6640,3,47.1994
6640,4,47.3055
6640,5,47.425200000000004
6640,6,47.4337
6640,7,47.505799999999994
6640,8,47.5676
6640,9,47.6422
6640,10,47.7107
6640,11,47.7199
6640,12,47.741299999999995
6640,13,47.83410000000001
6640,14,47.88980000000001
6640,15,47.962500000000006
6640,16,47.9941
6640,17,48.041700000000006
6640,18,48.0874
6640,19,48.1455
6640,20,48.1866
6640,21,48.202
6640,22,48.2941
6640,23,48.360299999999995
6640,24,48.428
6640,25,48.5578
6640,26,48.564
6640,27,48.6152
6640,28,48.62779999999999
6640,29,48.6826
6640,30,48.7486
6640,31,48.804899999999996
6640,32,48.8386
6640,33,48.8541
6640,34,48.9213
6640,35,48.999
6640,36,49.06500000000001
6640,37,49.1258
6640,38,49.1494
6640,39,49.20870000000001
6640,40,49.21209999999999
6640,41,49.2779
6640,42,49.2945
6640,43,49.3087
6640,44,49.35320000000001
6640,45,49.3555
6640,46,49.3727
6640,47,49.3988
6640,48,49.424400000000006
6640,49,49.4963
6640,50,49.55030000000001
6640,51,49.6605
6640,52,49.723299999999995
6640,53,49.7367
6640,54,49.80250000000001
6640,55,49.840399999999995
6640,56,49.90859999999999
6640,57,49.9953
6640,58,50.0022
6640,59,50.0219
6640,60,50.093
6640,61,50.13270000000001
6640,62,50.1643
6640,63,50.2021
6640,64,50.2125
6640,65,50.2171
6640,66,50.236900000000006
6640,67,50.2382
6640,68,50.262299999999996
6640,69,50.33539999999999
6640,70,50.3882
6640,71,50.4444
6640,72,50.53869999999999
6640,73,50.6349
6640,74,50.71699999999999
6640,75,50.7688
6640,76,50.77029999999999
6640,77,50.79259999999999
6640,78,50.8548
6640,79,50.856700000000004
6640,80,50.9088
6640,81,50.946299999999994
6640,82,50.948499999999996
6640,83,51.008599999999994
6640,84,51.0108
6640,85,51.0261
6640,86,51.0416
6640,87,51.120999999999995
6640,88,51.1857
6640,89,51.1837
6640,90,51.2274
6640,91,51.3031
6640,92,51.3418
6640,93,51.3663
6640,94,51.462
6640,95,51.476299999999995
6640,96,51.47789999999999
6640,97,51.5454
6640,98,51.555400000000006
6640,99,51.560599999999994
6640,100,51.580799999999996
6777,1,47.1248
6777,2,47.2072
6777,3,47.265
6777,4,47.359100000000005
6777,5,47.41590000000001
6777,6,47.429500000000004
6777,7,47.5122
6777,8,47.5848
6777,9,47.6434
6777,10,47.6952
6777,11,47.753
6777,12,47.8007
6777,13,47.794
6777,14,47.8564
6777,15,47.877700000000004
6777,16,47.9473
6777,17,48.018299999999996
6777,18,48.0943
6777,19,48.1365
6777,20,48.1995
6777,21,48.2431
6777,22,48.2967
6777,23,48.3574
6777,24,48.367900000000006
6777,25,48.385999999999996
6777,26,48.42580000000001
6777,27,48.4825
6777,28,48.485299999999995
6777,29,48.5512
6777,30,48.6119
6777,31,48.6287
6777,32,48.6728
6777,33,48.6849
6777,34,48.7527
6777,35,48.769800000000004
6777,36,48.85980000000001
6777,37,48.905100000000004
6777,38,48.951600000000006
6777,39,48.994299999999996
6777,40,49.0072
6777,41,49.024
6777,42,49.0719
6777,43,49.0775
6777,44,49.0931
6777,45,49.2119
6777,46,49.2224
6777,47,49.23609999999999
6777,48,49.28410000000001
6777,49,49.329800000000006
6777,50,49.4454
6777,51,49.55199999999999
6777,52,49.5985
6777,53,49.694599999999994
6777,54,49.704899999999995
6777,55,49.8009
6777,56,49.82470000000001
6777,57,49.9256
6777,58,49.977799999999995
6777,59,50.019400000000005
6777,60,50.067099999999996
6777,61,50.064899999999994
6777,62,50.0709
6777,63,50.107600000000005
6777,64,50.18169999999999
6777,65,50.2299
6777,66,50.2969
6777,67,50.3827
6777,68,50.4637
6777,69,50.5347
6777,70,50.637
6777,71,50.7101
6777,72,50.76820000000001
6777,73,50.817499999999995
6777,74,50.836200000000005
6777,75,50.8956
6777,76,50.902100000000004
6777,77,50.9943
6777,78,51.0669
6777,79,51.1372
6777,80,51.158
6777,81,51.2132
6777,82,51.2277
6777,83,51.2756
6777,84,51.2822
6777,85,51.298
6777,86,51.4038
6777,87,51.4451
6777,88,51.4465
6777,89,51.4858
6777,90,51.5438
6777,91,51.59219999999999
6777,92,51.6488
6777,93,51.7082
6777,94,51.831700000000005
6777,95,51.965900000000005
6777,96,52.0226
6777,97,52.0333
6777,98,52.11709999999999
6777,99,52.117999999999995
6777,100,52.154900000000005
6815,1,47.1421
6815,2,47.2066
6815,3,47.25
6815,4,47.34060000000001
6815,5,47.42230000000001
6815,6,47.513099999999994
6815,7,47.557500000000005
6815,8,47.6095
6815,9,47.6412
6815,10,47.7295
6815,11,47.7881
6815,12,47.8227
6815,13,47.88680000000001
6815,14,47.9183
6815,15,47.998099999999994
6815,16,48.042
6815,17,48.097199999999994
6815,18,48.1579
6815,19,48.222300000000004
6815,20,48.360200000000006
6815,21,48.4142
6815,22,48.52539999999999
6815,23,48.532399999999996
6815,24,48.598
6815,25,48.67190000000001
6815,26,48.748999999999995
6815,27,48.775499999999994
6815,28,48.84440000000001
6815,29,48.8941
6815,30,48.946400000000004
6815,31,48.9979
6815,32,49.0506
6815,33,49.091300000000004
6815,34,49.158
6815,35,49.2518
6815,36,49.3172
6815,37,49.38890000000001
6815,38,49.4381
6815,39,49.5083
6815,40,49.560399999999994
6815,41,49.6615
6815,42,49.7329
6815,43,49.79740000000001
6815,44,49.8537
6815,45,49.90560000000001
6815,46,49.96169999999999
6815,47,50.00020000000001
6815,48,50.04429999999999
6815,49,50.0843
6815,50,50.1756
6815,51,50.20769999999999
6815,52,50.219899999999996
6815,53,50.2767
6815,54,50.2803
6815,55,50.308800000000005
6815,56,50.361
6815,57,50.394600000000004
6815,58,50.399499999999996
6815,59,50.462900000000005
6815,60,50.527100000000004
6815,61,50.60940000000001
6815,62,50.6178
6815,63,50.6662
6815,64,50.71360000000001
6815,65,50.7619
6815,66,50.825599999999994
6815,67,50.8266
6815,68,50.864900000000006
6815,69,50.9268
6815,70,50.954800000000006
6815,71,51.018100000000004
6815,72,51.0771
6815,73,51.1606
6815,74,51.17359999999999
6815,75,51.20099999999999
6815,76,51.2042
6815,77,51.339800000000004
6815,78,51.4328
6815,79,51.4601
6815,80,51.4832
6815,81,51.5304
6815,82,51.535
6815,83,51.58279999999999
6815,84,51.6746
6815,85,51.677099999999996
6815,86,51.7607
6815,87,51.800900000000006
6815,88,51.845
6815,89,51.848699999999994
6815,90,51.8599
6815,91,51.866299999999995
6815,92,51.9256
6815,93,51.959399999999995
6815,94,51.9832
6815,95,51.996399999999994
6815,96,52.0184
6815,97,52.1071
6815,98,52.153499999999994
6815,99,52.2616
6815,100,52.3801
6964,1,47.118
6964,2,47.2102
6964,3,47.3261
6964,4,47.3477
6964,5,47.3515
6964,6,47.40690000000001
6964,7,47.4611
6964,8,47.51520000000001
6964,9,47.613
6964,10,47.6896
6964,11,47.7507
6964,12,47.8231
6964,13,47.8913
6964,14,47.9789
6964,15,47.9987
6964,16,48.0608
6964,17,48.102199999999996
6964,18,48.199200000000005
6964,19,48.265699999999995
6964,20,48.27889999999999
6964,21,48.3476
6964,22,48.3886
6964,23,48.44189999999999
6964,24,48.5014
6964,25,48.5142
6964,26,48.565
6964,27,48.6065
6964,28,48.64479999999999
6964,29,48.722699999999996
6964,30,48.757000000000005
6964,31,48.809799999999996
6964,32,48.9366
6964,33,48.9486
6964,34,48.9952
6964,35,49.0442
6964,36,49.103300000000004
6964,37,49.1156
6964,38,49.1653
6964,39,49.238299999999995
6964,40,49.306200000000004
6964,41,49.310100000000006
6964,42,49.332899999999995
6964,43,49.399100000000004
6964,44,49.403499999999994
6964,45,49.44330000000001
6964,46,49.53210000000001
6964,47,49.5918
6964,48,49.63569999999999
6964,49,49.694500000000005
6964,50,49.74510000000001
6964,51,49.789699999999996
6964,52,49.80380000000001
6964,53,49.799
6964,54,49.864799999999995
6964,55,49.87820000000001
6964,56,49.882000000000005
6964,57,49.9216
6964,58,49.9832
6964,59,50.0335
6964,60,50.0387
6964,61,50.0878
6964,62,50.16
6964,63,50.2338
6964,64,50.23650000000001
6964,65,50.2849
6964,66,50.296800000000005
6964,67,50.302200000000006
6964,68,50.3622
6964,69,50.3779
6964,70,50.43669999999999
6964,71,50.458200000000005
6964,72,50.4671
6964,73,50.55839999999999
6964,74,50.6505
6964,75,50.678799999999995
6964,76,50.69
6964,77,50.7616
6964,78,50.8323
6964,79,50.8459
6964,80,50.90950000000001
6964,81,50.948899999999995
6964,82,50.9563
6964,83,51.0071
6964,84,51.018299999999996
6964,85,51.0205
6964,86,51.081900000000005
6964,87,51.086600000000004
6964,88,51.18860000000001
6964,89,51.1943
6964,90,51.206300000000006
6964,91,51.2531
6964,92,51.2855
6964,93,51.376400000000004
6964,94,51.3964
6964,95,51.4499
6964,96,51.503699999999995
6964,97,51.517300000000006
6964,98,51.6001
6964,99,51.6691
6964,100,51.6844
7110,1,47.1451
7110,2,47.2092
7110,3,47.25280000000001
7110,4,47.3408
7110,5,47.409400000000005
7110,6,47.5603
7110,7,47.65389999999999
7110,8,47.655
7110,9,47.7119
7110,10,47.7675
7110,11,47.8345
7110,12,47.90259999999999
7110,13,47.983999999999995
7110,14,48.035000000000004
7110,15,48.0855
7110,16,48.1983
7110,17,48.2379
7110,18,48.3288
7110,19,48.372
7110,20,48.406000000000006
7110,21,48.4622
7110,22,48.5133
7110,23,48.575500000000005
7110,24,48.61410000000001
7110,25,48.6569
7110,26,48.7109
7110,27,48.720299999999995
7110,28,48.7324
7110,29,48.775400000000005
7110,30,48.7916
7110,31,48.850300000000004
7110,32,48.9114
7110,33,48.97609999999999
7110,34,49.01559999999999
7110,35,49.074
7110,36,49.171400000000006
7110,37,49.2041
7110,38,49.2316
7110,39,49.2863
7110,40,49.325199999999995
7110,41,49.37179999999999
7110,42,49.4259
7110,43,49.4589
7110,44,49.5034
7110,45,49.515100000000004
7110,46,49.560199999999995
7110,47,49.626900000000006
7110,48,49.7076
7110,49,49.7579
7110,50,49.7908
7110,51,49.8352
7110,52,49.8758
7110,53,49.958099999999995
7110,54,50.057900000000004
7110,55,50.0953
7110,56,50.1442
7110,57,50.207100000000004
7110,58,50.2761
7110,59,50.3567
7110,60,50.3922
7110,61,50.4346
7110,62,50.432
7110,63,50.4464
7110,64,50.526999999999994
7110,65,50.5673
7110,66,50.5769
7110,67,50.63329999999999
7110,68,50.716499999999996
7110,69,50.7596
7110,70,50.8695
7110,71,50.8759
7110,72,50.9344
7110,73,50.9798
7110,74,50.9908
7110,75,51.0193
7110,76,51.02199999999999
7110,77,51.075799999999994
7110,78,51.1229
7110,79,51.1777
7110,80,51.251900000000006
7110,81,51.3545
7110,82,51.3751
7110,83,51.4825
7110,84,51.499399999999994
7110,85,51.5704
7110,86,51.608999999999995
7110,87,51.6119
7110,88,51.6592
7110,89,51.66069999999999
7110,90,51.6626
7110,91,51.6782
7110,92,51.68919999999999
7110,93,51.74569999999999
7110,94,51.7518
7110,95,51.8118
7110,96,51.9169
7110,97,52.001900000000006
7110,98,52.050799999999995
7110,99,52.0801
7110,100,52.0868
7206,1,47.1487
7206,2,47.2244
7206,3,47.304100000000005
7206,4,47.3622
7206,5,47.4054
7206,6,47.4392
7206,7,47.5115
7206,8,47.605599999999995
7206,9,47.6982
7206,10,47.7624
7206,11,47.7665
7206,12,47.820800000000006
7206,13,47.8527
7206,14,47.939800000000005
7206,15,48.030499999999996
7206,16,48.0753
7206,17,48.1215
7206,18,48.2005
7206,19,48.208600000000004
7206,20,48.3407
7206,21,48.395
7206,22,48.4632
7206,23,48.5383
7206,24,48.622
7206,25,48.6321
7206,26,48.7081
7206,27,48.7153
7206,28,48.828599999999994
7206,29,48.8981
7206,30,48.9836
7206,31,49.0256
7206,32,49.0811
7206,33,49.1416
7206,34,49.195
7206,35,49.221900000000005
7206,36,49.22720000000001
7206,37,49.3026
7206,38,49.33
7206,39,49.380500000000005
7206,40,49.437
7206,41,49.4467
7206,42,49.4763
7206,43,49.539100000000005
7206,44,49.585499999999996
7206,45,49.657799999999995
7206,46,49.718900000000005
7206,47,49.7782
7206,48,49.871700000000004
7206,49,49.9217
7206,50,49.9247
7206,51,49.98479999999999
7206,52,50.024
7206,53,50.034400000000005
7206,54,50.0872
7206,55,50.1304
7206,56,50.106300000000005
7206,57,50.117599999999996
7206,58,50.1878
7206,59,50.212599999999995
7206,60,50.2732
7206,61,50.2769
7206,62,50.306
7206,63,50.340900000000005
7206,64,50.3548
7206,65,50.3761
7206,66,50.4354
7206,67,50.438300000000005
7206,68,50.4889
7206,69,50.551500000000004
7206,70,50.646
7206,71,50.69989999999999
7206,72,50.7175
7206,73,50.72930000000001
7206,74,50.7642
7206,75,50.816
7206,76,50.8693
7206,77,50.926199999999994
7206,78,51.0095
7206,79,51.0346
7206,80,51.1015
7206,81,51.131
7206,82,51.1539
7206,83,51.199
7206,84,51.1991
7206,85,51.2158
7206,86,51.2796
7206,87,51.2963
7206,88,51.359700000000004
7206,89,51.46660000000001
7206,90,51.4706
7206,91,51.5626
7206,92,51.6481
7206,93,51.746300000000005
7206,94,51.7735
7206,95,51.786
7206,96,51.8417
7206,97,51.8458
7206,98,51.8948
7206,99,51.8976
7206,100,51.977000000000004
7217,1,47.1595
7217,2,47.2577
7217,3,47.408500000000004
7217,4,47.4808
7217,5,47.49250000000001
7217,6,47.5601
7217,7,47.610299999999995
7217,8,47.705
7217,9,47.719300000000004
7217,10,47.742999999999995
7217,11,47.8042
7217,12,47.8755
7217,13,47.918499999999995
7217,14,47.965
7217,15,47.9799
7217,16,48.077799999999996
7217,17,48.1389
7217,18,48.179199999999994
7217,19,48.2561
7217,20,48.3237
7217,21,48.37350000000001
7217,22,48.383
7217,23,48.426
7217,24,48.4555
7217,25,48.471900000000005
7217,26,48.4975
7217,27,48.565900000000006
7217,28,48.62350000000001
7217,29,48.6305
7217,30,48.664500000000004
7217,31,48.7117
7217,32,48.7693
7217,33,48.820899999999995
7217,34,48.90010000000001
7217,35,48.9178
7217,36,48.928700000000006
7217,37,49.00880000000001
7217,38,49.0309
7217,39,49.0501
7217,40,49.054199999999994
7217,41,49.110600000000005
7217,42,49.1354
7217,43,49.157399999999996
7217,44,49.2277
7217,45,49.3087
7217,46,49.316500000000005
7217,47,49.3651
7217,48,49.37939999999999
7217,49,49.388999999999996
7217,50,49.4012
7217,51,49.4923
7217,52,49.58069999999999
7217,53,49.6349
7217,54,49.6922
7217,55,49.7517
7217,56,49.753
7217,57,49.8027
7217,58,49.852000000000004
7217,59,49.903800000000004
7217,60,49.9424
7217,61,50.011500000000005
7217,62,50.086800000000004
7217,63,50.0915
7217,64,50.163799999999995
7217,65,50.193099999999994
7217,66,50.2238
7217,67,50.28849999999999
7217,68,50.34230000000001
7217,69,50.4143
7217,70,50.418600000000005
7217,71,50.4824
7217,72,50.5732
7217,73,50.6203
7217,74,50.6221
7217,75,50.652
7217,76,50.677400000000006
7217,77,50.7324
7217,78,50.8066
7217,79,50.821799999999996
7217,80,50.86450000000001
7217,81,50.866
7217,82,50.90480000000001
7217,83,50.920500000000004
7217,84,50.92470000000001
7217,85,50.934
7217,86,50.947
7217,87,50.97449999999999
7217,88,51.0367
7217,89,51.1028
7217,90,51.11630000000001
7217,91,51.167199999999994
7217,92,51.156099999999995
7217,93,51.21600000000001
7217,94,51.2877
7217,95,51.30109999999999
7217,96,51.3643
7217,97,51.403499999999994
7217,98,51.407999999999994
7217,99,51.4903
7217,100,51.5924
7411,1,47.123900000000006
7411,2,47.188900000000004
7411,3,47.299600000000005
7411,4,47.415400000000005
7411,5,47.4864
7411,6,47.572
7411,7,47.6399
7411,8,47.6978
7411,9,47.7663
7411,10,47.80789999999999
7411,11,47.862399999999994
7411,12,47.9442
7411,13,48.0052
7411,14,48.1015
7411,15,48.106300000000005
7411,16,48.12299999999999
7411,17,48.203
7411,18,48.2702
7411,19,48.3346
7411,20,48.4243
7411,21,48.4273
7411,22,48.4414
7411,23,48.5259
7411,24,48.615899999999996
7411,25,48.6396
7411,26,48.7159
7411,27,48.7321
7411,28,48.7791
7411,29,48.832300000000004
7411,30,48.8471
7411,31,48.929
7411,32,48.9316
7411,33,48.9932
7411,34,49.0947
7411,35,49.144499999999994
7411,36,49.2107
7411,37,49.215599999999995
7411,38,49.2202
7411,39,49.2709
7411,40,49.292500000000004
7411,41,49.3472
7411,42,49.357
7411,43,49.460899999999995
7411,44,49.5088
7411,45,49.5224
7411,46,49.5417
7411,47,49.614799999999995
7411,48,49.6719
7411,49,49.6949
7411,50,49.727199999999996
7411,51,49.7296
7411,52,49.7425
7411,53,49.745400000000004
7411,54,49.8154
7411,55,49.89059999999999
7411,56,49.9525
7411,57,49.9549
7411,58,50.015299999999996
7411,59,50.0959
7411,60,50.1426
7411,61,50.22449999999999
7411,62,50.2857
7411,63,50.32010000000001
7411,64,50.38799999999999
7411,65,50.426500000000004
7411,66,50.4558
7411,67,50.5879
7411,68,50.61699999999999
7411,69,50.679100000000005
7411,70,50.6851
7411,71,50.6974
7411,72,50.7139
7411,73,50.7411
7411,74,50.7886
7411,75,50.791
7411,76,50.816199999999995
7411,77,50.82170000000001
7411,78,50.8942
7411,79,50.92949999999999
7411,80,50.932
7411,81,50.9961
7411,82,51.0295
7411,83,51.1232
7411,84,51.126000000000005
7411,85,51.1858
7411,86,51.2657
7411,87,51.27449999999999
7411,88,51.32549999999999
7411,89,51.3721
7411,90,51.383399999999995
7411,91,51.389700000000005
7411,92,51.481899999999996
7411,93,51.504599999999996
7411,94,51.5643
7411,95,51.61149999999999
7411,96,51.674099999999996
7411,97,51.7899
7411,98,51.811400000000006
7411,99,51.831
7411,100,51.8761
7477,1,47.12480000000001
7477,2,47.1933
7477,3,47.2855
7477,4,47.3891
7477,5,47.454100000000004
7477,6,47.514
7477,7,47.566199999999995
7477,8,47.62779999999999
7477,9,47.723499999999994
7477,10,47.798
7477,11,47.8022
7477,12,47.858999999999995
7477,13,47.9475
7477,14,47.9824
7477,15,47.9872
7477,16,48.0407
7477,17,48.073499999999996
7477,18,48.167500000000004
7477,19,48.182900000000004
7477,20,48.2002
7477,21,48.280100000000004
7477,22,48.329
7477,23,48.3425
7477,24,48.4155
7477,25,48.4487
7477,26,48.5121
7477,27,48.5519
7477,28,48.6404
7477,29,48.745000000000005
7477,30,48.806799999999996
7477,31,48.8661
7477,32,48.916799999999995
7477,33,48.982600000000005
7477,34,49.033699999999996
7477,35,49.098600000000005
7477,36,49.13090000000001
7477,37,49.183099999999996
7477,38,49.187200000000004
7477,39,49.2707
7477,40,49.282399999999996
7477,41,49.3282
7477,42,49.3625
7477,43,49.4305
7477,44,49.4451
7477,45,49.4811
7477,46,49.5318
7477,47,49.6121
7477,48,49.7055
7477,49,49.7545
7477,50,49.8138
7477,51,49.828
7477,52,49.8738
7477,53,49.9066
7477,54,49.9208
7477,55,49.943000000000005
7477,56,49.95
7477,57,49.9692
7477,58,49.995999999999995
7477,59,50.0509
7477,60,50.126900000000006
7477,61,50.130300000000005
7477,62,50.2251
7477,63,50.2778
7477,64,50.281400000000005
7477,65,50.3094
7477,66,50.418000000000006
7477,67,50.49079999999999
7477,68,50.49289999999999
7477,69,50.5055
7477,70,50.5253
7477,71,50.529700000000005
7477,72,50.5969
7477,73,50.6101
7477,74,50.61540000000001
7477,75,50.6576
7477,76,50.7042
7477,77,50.7693
7477,78,50.8204
7477,79,50.8575
7477,80,50.92869999999999
7477,81,50.99279999999999
7477,82,51.0025
7477,83,51.0265
7477,84,51.07339999999999
7477,85,51.0757
7477,86,51.128499999999995
7477,87,51.129599999999996
7477,88,51.2389
7477,89,51.2385
7477,90,51.2408
7477,91,51.2893
7477,92,51.351
7477,93,51.4062
7477,94,51.4165
7477,95,51.4251
7477,96,51.3891
7477,97,51.4409
7477,98,51.494600000000005
7477,99,51.5048
7477,100,51.55159999999999
7558,1,47.1465
7558,2,47.188900000000004
7558,3,47.2729
7558,4,47.2859
7558,5,47.3411
7558,6,47.4165
7558,7,47.4748
7558,8,47.5396
7558,9,47.595600000000005
7558,10,47.7487
7558,11,47.75240000000001
7558,12,47.821
7558,13,47.856300000000005
7558,14,47.9017
7558,15,48.024
7558,16,48.0676
7558,17,48.134699999999995
7558,18,48.192800000000005
7558,19,48.1949
7558,20,48.2252
7558,21,48.2735
7558,22,48.316500000000005
7558,23,48.3912
7558,24,48.4454
7558,25,48.5127
7558,26,48.577400000000004
7558,27,48.6661
7558,28,48.694199999999995
7558,29,48.7493
7558,30,48.75110000000001
7558,31,48.7962
7558,32,48.80109999999999
7558,33,48.852500000000006
7558,34,48.9401
7558,35,49.0137
7558,36,49.06519999999999
7558,37,49.0796
7558,38,49.1292
7558,39,49.1841
7558,40,49.2436
7558,41,49.2581
7558,42,49.274699999999996
7558,43,49.3487
7558,44,49.413000000000004
7558,45,49.4576
7558,46,49.5147
7558,47,49.5145
7558,48,49.5804
7558,49,49.6339
7558,50,49.708
7558,51,49.7585
7558,52,49.789100000000005
7558,53,49.7834
7558,54,49.8516
7558,55,49.8716
7558,56,49.923
7558,57,49.9374
7558,58,50.0229
7558,59,50.04370000000001
7558,60,50.0638
7558,61,50.066199999999995
7558,62,50.116699999999994
7558,63,50.17830000000001
7558,64,50.1814
7558,65,50.1849
7558,66,50.278099999999995
7558,67,50.2769
7558,68,50.2821
7558,69,50.31320000000001
7558,70,50.354699999999994
7558,71,50.42159999999999
7558,72,50.52340000000001
7558,73,50.6182
7558,74,50.675
7558,75,50.7179
7558,76,50.7671
7558,77,50.800700000000006
7558,78,50.8238
7558,79,50.772499999999994
7558,80,50.795500000000004
7558,81,50.7934
7558,82,50.8742
7558,83,50.890100000000004
7558,84,50.9002
7558,85,50.9017
7558,86,50.94199999999999
7558,87,50.98350000000001
7558,88,51.06439999999999
7558,89,51.1146
7558,90,51.2149
7558,91,51.225199999999994
7558,92,51.2616
7558,93,51.3876
7558,94,51.4075
7558,95,51.4547
7558,96,51.524
7558,97,51.602000000000004
7558,98,51.682500000000005
7558,99,51.72610000000001
7558,100,51.7397
7619,1,47.1076
7619,2,47.119600000000005
7619,3,47.153999999999996
7619,4,47.207800000000006
7619,5,47.290000000000006
7619,6,47.31020000000001
7619,7,47.393
7619,8,47.496300000000005
7619,9,47.555800000000005
7619,10,47.631299999999996
7619,11,47.673300000000005
7619,12,47.734300000000005
7619,13,47.768299999999996
7619,14,47.82169999999999
7619,15,47.873400000000004
7619,16,47.92230000000001
7619,17,47.979600000000005
7619,18,48.0345
7619,19,48.12649999999999
7619,20,48.2226
7619,21,48.28
7619,22,48.367000000000004
7619,23,48.384
7619,24,48.4546
7619,25,48.4975
7619,26,48.592299999999994
7619,27,48.6762
7619,28,48.6807
7619,29,48.719899999999996
7619,30,48.774699999999996
7619,31,48.861900000000006
7619,32,48.936299999999996
7619,33,48.995999999999995
7619,34,49.051100000000005
7619,35,49.1396
7619,36,49.2192
7619,37,49.293499999999995
7619,38,49.3527
7619,39,49.383900000000004
7619,40,49.4526
7619,41,49.5205
7619,42,49.60850000000001
7619,43,49.682900000000004
7619,44,49.7611
7619,45,49.8181
7619,46,49.8515
7619,47,49.852199999999996
7619,48,49.906
7619,49,49.9113
7619,50,49.9804
7619,51,50.0496
7619,52,50.1194
7619,53,50.187999999999995
7619,54,50.2307
7619,55,50.3013
7619,56,50.32599999999999
7619,57,50.388999999999996
7619,58,50.48140000000001
7619,59,50.5517
7619,60,50.5646
7619,61,50.61370000000001
7619,62,50.6359
7619,63,50.675700000000006
7619,64,50.7492
7619,65,50.819199999999995
7619,66,50.903099999999995
7619,67,50.9171
7619,68,50.9838
7619,69,51.0384
7619,70,51.114599999999996
7619,71,51.2197
7619,72,51.239900000000006
7619,73,51.2757
7619,74,51.2823
7619,75,51.293200000000006
7619,76,51.3681
7619,77,51.42869999999999
7619,78,51.4471
7619,79,51.4721
7619,80,51.5734
7619,81,51.5993
7619,82,51.6013
7619,83,51.6366
7619,84,51.6345
7619,85,51.726299999999995
7619,86,51.8391
7619,87,51.8455
7619,88,51.9213
7619,89,51.9424
7619,90,51.948299999999996
7619,91,52.03179999999999
7619,92,52.03710000000001
7619,93,52.0976
7619,94,52.112700000000004
7619,95,52.156000000000006
7619,96,52.16919999999999
7619,97,52.172
7619,98,52.17339999999999
7619,99,52.18879999999999
7619,100,52.18110000000001
7735,1,47.120400000000004
7735,2,47.1699
7735,3,47.1938
7735,4,47.2419
7735,5,47.333200000000005
7735,6,47.480599999999995
7735,7,47.556900000000006
7735,8,47.5964
7735,9,47.652
7735,10,47.6646
7735,11,47.7475
7735,12,47.7985
7735,13,47.8185
7735,14,47.89790000000001
7735,15,47.9537
7735,16,48.0071
7735,17,48.04260000000001
7735,18,48.0741
7735,19,48.1141
7735,20,48.159499999999994
7735,21,48.196
7735,22,48.2731
7735,23,48.3279
7735,24,48.413999999999994
7735,25,48.4614
7735,26,48.5304
7735,27,48.5945
7735,28,48.6298
7735,29,48.703
7735,30,48.7538
7735,31,48.8313
7735,32,48.8903
7735,33,48.9335
7735,34,48.9491
7735,35,49.0095
7735,36,49.1166
7735,37,49.1522
7735,38,49.175200000000004
7735,39,49.2054
7735,40,49.28129999999999
7735,41,49.351800000000004
7735,42,49.368300000000005
7735,43,49.4158
7735,44,49.418099999999995
7735,45,49.4939
7735,46,49.4974
7735,47,49.5386
7735,48,49.594
7735,49,49.6533
7735,50,49.7162
7735,51,49.7255
7735,52,49.7676
7735,53,49.8201
7735,54,49.8365
7735,55,49.8935
7735,56,49.8993
7735,57,49.9482
7735,58,49.9576
7735,59,49.9644
7735,60,50.0476
7735,61,50.11729999999999
7735,62,50.1814
7735,63,50.2522
7735,64,50.295
7735,65,50.3119
7735,66,50.317800000000005
7735,67,50.3357
7735,68,50.37479999999999
7735,69,50.447
7735,70,50.4772
7735,71,50.55799999999999
7735,72,50.5997
7735,73,50.702799999999996
7735,74,50.7478
7735,75,50.7672
7735,76,50.8442
7735,77,50.8959
7735,78,50.9019
7735,79,50.936099999999996
7735,80,50.995400000000004
7735,81,50.99810000000001
7735,82,51.00920000000001
7735,83,51.0139
7735,84,51.0435
7735,85,51.054899999999996
7735,86,51.091300000000004
7735,87,51.145300000000006
7735,88,51.1907
7735,89,51.2027
7735,90,51.28869999999999
7735,91,51.282900000000005
7735,92,51.354200000000006
7735,93,51.372600000000006
7735,94,51.446000000000005
7735,95,51.43769999999999
7735,96,51.49120000000001
7735,97,51.4945
7735,98,51.51079999999999
7735,99,51.517100000000006
7735,100,51.5203
7946,1,47.1326
7946,2,47.173100000000005
7946,3,47.2016
7946,4,47.277
7946,5,47.32299999999999
7946,6,47.3643
7946,7,47.4307
7946,8,47.5107
7946,9,47.5717
7946,10,47.6846
7946,11,47.7879
7946,12,47.8745
7946,13,47.898300000000006
7946,14,47.9497
7946,15,48.003699999999995
7946,16,48.0572
7946,17,48.1662
7946,18,48.221000000000004
7946,19,48.2846
7946,20,48.344300000000004
7946,21,48.3876
7946,22,48.4371
7946,23,48.5272
7946,24,48.597
7946,25,48.660799999999995
7946,26,48.6632
7946,27,48.7158
7946,28,48.7987
7946,29,48.85549999999999
7946,30,48.9053
7946,31,48.9311
7946,32,48.990700000000004
7946,33,49.0001
7946,34,49.035700000000006
7946,35,49.110600000000005
7946,36,49.178200000000004
7946,37,49.2253
7946,38,49.3023
7946,39,49.3689
7946,40,49.4674
7946,41,49.4739
7946,42,49.50999999999999
7946,43,49.5288
7946,44,49.602999999999994
7946,45,49.6076
7946,46,49.660700000000006
7946,47,49.69330000000001
7946,48,49.69560000000001
7946,49,49.7504
7946,50,49.82900000000001
7946,51,49.9011
7946,52,49.9054
7946,53,49.955000000000005
7946,54,50.0231
7946,55,50.069599999999994
7946,56,50.1546
7946,57,50.16789999999999
7946,58,50.2245
7946,59,50.26719999999999
7946,60,50.30539999999999
7946,61,50.330200000000005
7946,62,50.3781
7946,63,50.3928
7946,64,50.40460000000001
7946,65,50.48010000000001
7946,66,50.5693
7946,67,50.6656
7946,68,50.7178
7946,69,50.7568
7946,70,50.82690000000001
7946,71,50.8327
7946,72,50.8466
7946,73,50.89249999999999
7946,74,50.9019
7946,75,50.968
7946,76,51.0305
7946,77,51.0788
7946,78,51.0841
7946,79,51.13550000000001
7946,80,51.142799999999994
7946,81,51.15090000000001
7946,82,51.2178
7946,83,51.22709999999999
7946,84,51.249300000000005
7946,85,51.3025
7946,86,51.3456
7946,87,51.340599999999995
7946,88,51.351600000000005
7946,89,51.3565
7946,90,51.3613
7946,91,51.40689999999999
7946,92,51.42089999999999
7946,93,51.46209999999999
7946,94,51.506
7946,95,51.519099999999995
7946,96,51.574
7946,97,51.6416
7946,98,51.6544
7946,99,51.6652
7946,100,51.6863
7987,1,47.096000000000004
7987,2,47.1534
7987,3,47.2419
7987,4,47.3274
7987,5,47.346000000000004
7987,6,47.4078
7987,7,47.40389999999999
7987,8,47.4941
7987,9,47.5389
7987,10,47.6416
7987,11,47.7574
7987,12,47.806599999999996
7987,13,47.8417
7987,14,47.9078
7987,15,47.9582
7987,16,47.967
7987,17,48.0302
7987,18,48.0672
7987,19,48.1559
7987,20,48.1756
7987,21,48.229200000000006
7987,22,48.294700000000006
7987,23,48.3231
7987,24,48.3257
7987,25,48.4105
7987,26,48.4563
7987,27,48.491
7987,28,48.49720000000001
7987,29,48.559
7987,30,48.6172
7987,31,48.68260000000001
7987,32,48.756
7987,33,48.81
7987,34,48.8617
7987,35,48.8934
7987,36,48.971199999999996
7987,37,49.030800000000006
7987,38,49.09240000000001
7987,39,49.10269999999999
7987,40,49.1305
7987,41,49.130300000000005
7987,42,49.1899
7987,43,49.2369
7987,44,49.3044
7987,45,49.3432
7987,46,49.36909999999999
7987,47,49.43860000000001
7987,48,49.50179999999999
7987,49,49.582300000000004
7987,50,49.636799999999994
7987,51,49.651799999999994
7987,52,49.666
7987,53,49.738400000000006
7987,54,49.7907
7987,55,49.80839999999999
7987,56,49.8286
7987,57,49.897
7987,58,49.9517
7987,59,49.971700000000006
7987,60,50.0308
7987,61,50.089000000000006
7987,62,50.0967
7987,63,50.153000000000006
7987,64,50.1964
7987,65,50.24570000000001
7987,66,50.24979999999999
7987,67,50.314800000000005
7987,68,50.401300000000006
7987,69,50.4045
7987,70,50.4741
7987,71,50.50110000000001
7987,72,50.507400000000004
7987,73,50.54190000000001
7987,74,50.603500000000004
7987,75,50.646800000000006
7987,76,50.69540000000001
7987,77,50.70910000000001
7987,78,50.72879999999999
7987,79,50.7919
7987,80,50.85979999999999
7987,81,50.902
7987,82,50.9366
7987,83,50.9747
7987,84,51.0091
7987,85,51.098800000000004
7987,86,51.1071
7987,87,51.16120000000001
7987,88,51.1665
7987,89,51.23180000000001
7987,90,51.2435
7987,91,51.2462
7987,92,51.2839
7987,93,51.31399999999999
7987,94,51.3177
7987,95,51.366299999999995
7987,96,51.3771
7987,97,51.381600000000006
7987,98,51.4018
7987,99,51.5094
7987,100,51.5309
8469,1,47.142399999999995
8469,2,47.2295
8469,3,47.280300000000004
8469,4,47.346199999999996
8469,5,47.39789999999999
8469,6,47.4829
8469,7,47.5072
8469,8,47.5858
8469,9,47.6335
8469,10,47.711800000000004
8469,11,47.761799999999994
8469,12,47.8236
8469,13,47.8954
8469,14,47.95530000000001
8469,15,48.0368
8469,16,48.060900000000004
8469,17,48.0997
8469,18,48.1499
8469,19,48.1725
8469,20,48.1948
8469,21,48.2051
8469,22,48.2756
8469,23,48.3451
8469,24,48.414100000000005
8469,25,48.4637
8469,26,48.5115
8469,27,48.5353
8469,28,48.5894
8469,29,48.7252
8469,30,48.7907
8469,31,48.831799999999994
8469,32,48.9236
8469,33,48.925799999999995
8469,34,48.9864
8469,35,49.00019999999999
8469,36,49.078500000000005
8469,37,49.1481
8469,38,49.20269999999999
8469,39,49.216899999999995
8469,40,49.265800000000006
8469,41,49.31190000000001
8469,42,49.3811
8469,43,49.435599999999994
8469,44,49.4881
8469,45,49.5723
8469,46,49.6449
8469,47,49.741
8469,48,49.747800000000005
8469,49,49.8052
8469,50,49.86450000000001
8469,51,49.937200000000004
8469,52,49.9521
8469,53,49.98350000000001
8469,54,50.09259999999999
8469,55,50.1193
8469,56,50.1216
8469,57,50.141
8469,58,50.1469
8469,59,50.167699999999996
8469,60,50.2246
8469,61,50.241499999999995
8469,62,50.3292
8469,63,50.34049999999999
8469,64,50.3911
8469,65,50.397
8469,66,50.4349
8469,67,50.5086
8469,68,50.559
8469,69,50.5817
8469,70,50.690200000000004
8469,71,50.699600000000004
8469,72,50.7128
8469,73,50.7899
8469,74,50.8753
8469,75,50.969899999999996
8469,76,50.971900000000005
8469,77,50.974
8469,78,50.980599999999995
8469,79,51.039
8469,80,51.0922
8469,81,51.175200000000004
8469,82,51.2193
8469,83,51.35990000000001
8469,84,51.4271
8469,85,51.437200000000004
8469,86,51.506600000000006
8469,87,51.5168
8469,88,51.52850000000001
8469,89,51.5703
8469,90,51.5758
8469,91,51.5994
8469,92,51.636300000000006
8469,93,51.642500000000005
8469,94,51.695499999999996
8469,95,51.6986
8469,96,51.7869
8469,97,51.7909
8469,98,51.83540000000001
8469,99,51.9184
8469,100,51.933200000000014
8488,1,47.105900000000005
8488,2,47.1566
8488,3,47.1698
8488,4,47.261300000000006
8488,5,47.3263
8488,6,47.404799999999994
8488,7,47.4863
8488,8,47.589
8488,9,47.6253
8488,10,47.770799999999994
8488,11,47.8011
8488,12,47.895300000000006
8488,13,47.9427
8488,14,48.0133
8488,15,48.096199999999996
8488,16,48.199799999999996
8488,17,48.2226
8488,18,48.2949
8488,19,48.345
8488,20,48.382099999999994
8488,21,48.432900000000004
8488,22,48.5024
8488,23,48.5049
8488,24,48.558400000000006
8488,25,48.5796
8488,26,48.62049999999999
8488,27,48.6787
8488,28,48.7308
8488,29,48.7818
8488,30,48.7936
8488,31,48.827600000000004
8488,32,48.89490000000001
8488,33,48.929
8488,34,48.974500000000006
8488,35,49.05
8488,36,49.0938
8488,37,49.158
8488,38,49.197100000000006
8488,39,49.2936
8488,40,49.3348
8488,41,49.4157
8488,42,49.4706
8488,43,49.52080000000001
8488,44,49.591499999999996
8488,45,49.6485
8488,46,49.6818
8488,47,49.735
8488,48,49.82979999999999
8488,49,49.8731
8488,50,49.8752
8488,51,49.91409999999999
8488,52,50.0005
8488,53,50.041900000000005
8488,54,50.0804
8488,55,50.1439
8488,56,50.1913
8488,57,50.249399999999994
8488,58,50.2623
8488,59,50.2668
8488,60,50.3339
8488,61,50.3769
8488,62,50.4043
8488,63,50.42399999999999
8488,64,50.443599999999996
8488,65,50.465199999999996
8488,66,50.536
8488,67,50.5866
8488,68,50.60860000000001
8488,69,50.64660000000001
8488,70,50.66069999999999
8488,71,50.6721
8488,72,50.7201
8488,73,50.7864
8488,74,50.8066
8488,75,50.8605
8488,76,50.870000000000005
8488,77,50.8832
8488,78,50.93599999999999
8488,79,50.945800000000006
8488,80,50.994200000000006
8488,81,51.055299999999995
8488,82,51.1319
8488,83,51.1922
8488,84,51.215
8488,85,51.2543
8488,86,51.2573
8488,87,51.26360000000001
8488,88,51.350899999999996
8488,89,51.408100000000005
8488,90,51.491600000000005
8488,91,51.486399999999996
8488,92,51.543499999999995
8488,93,51.609899999999996
8488,94,51.6044
8488,95,51.64739999999999
8488,96,51.6678
8488,97,51.721999999999994
8488,98,51.779599999999995
8488,99,51.856700000000004
8488,100,51.9407
8513,1,47.167
8513,2,47.240899999999996
8513,3,47.3081
8513,4,47.4208
8513,5,47.520399999999995
8513,6,47.5761
8513,7,47.6293
8513,8,47.691
8513,9,47.782799999999995
8513,10,47.794200000000004
8513,11,47.894600000000004
8513,12,47.9481
8513,13,48.060900000000004
8513,14,48.1207
8513,15,48.1766
8513,16,48.2123
8513,17,48.2565
8513,18,48.3444
8513,19,48.4142
8513,20,48.4534
8513,21,48.5499
8513,22,48.6145
8513,23,48.6934
8513,24,48.7254
8513,25,48.7774
8513,26,48.8725
8513,27,48.9002
8513,28,48.9449
8513,29,48.9629
8513,30,49.0188
8513,31,49.09179999999999
8513,32,49.1687
8513,33,49.253600000000006
8513,34,49.2638
8513,35,49.329499999999996
8513,36,49.4071
8513,37,49.4757
8513,38,49.4992
8513,39,49.5817
8513,40,49.640299999999996
8513,41,49.693
8513,42,49.753
8513,43,49.7978
8513,44,49.8215
8513,45,49.8738
8513,46,49.91160000000001
8513,47,49.91680000000001
8513,48,49.918099999999995
8513,49,50.01390000000001
8513,50,50.0565
8513,51,50.0674
8513,52,50.1272
8513,53,50.1716
8513,54,50.2188
8513,55,50.2439
8513,56,50.3296
8513,57,50.394099999999995
8513,58,50.4349
8513,59,50.490899999999996
8513,60,50.52460000000001
8513,61,50.5291
8513,62,50.5745
8513,63,50.5783
8513,64,50.6592
8513,65,50.677
8513,66,50.732200000000006
8513,67,50.8228
8513,68,50.823800000000006
8513,69,50.8807
8513,70,50.8849
8513,71,50.930099999999996
8513,72,50.978100000000005
8513,73,51.013799999999996
8513,74,51.0888
8513,75,51.19279999999999
8513,76,51.2043
8513,77,51.23759999999999
8513,78,51.2735
8513,79,51.33030000000001
8513,80,51.381299999999996
8513,81,51.432500000000005
8513,82,51.51050000000001
8513,83,51.605
8513,84,51.6202
8513,85,51.67080000000001
8513,86,51.71470000000001
8513,87,51.73630000000001
8513,88,51.805600000000005
8513,89,51.844100000000005
8513,90,51.8541
8513,91,51.8959
8513,92,51.946799999999996
8513,93,52.02
8513,94,52.09310000000001
8513,95,52.132099999999994
8513,96,52.2286
8513,97,52.304199999999994
8513,98,52.352599999999995
8513,99,52.3867
8513,100,52.3973
8551,1,47.1271
8551,2,47.1974
8551,3,47.26349999999999
8551,4,47.3514
8551,5,47.369200000000006
8551,6,47.4238
8551,7,47.4876
8551,8,47.5009
8551,9,47.5484
8551,10,47.5911
8551,11,47.6884
8551,12,47.743300000000005
8551,13,47.78620000000001
8551,14,47.8531
8551,15,47.9325
8551,16,47.997699999999995
8551,17,48.0813
8551,18,48.1403
8551,19,48.20910000000001
8551,20,48.2846
8551,21,48.3735
8551,22,48.435500000000005
8551,23,48.5309
8551,24,48.554899999999996
8551,25,48.624
8551,26,48.63850000000001
8551,27,48.691
8551,28,48.70240000000001
8551,29,48.7557
8551,30,48.7572
8551,31,48.8086
8551,32,48.882400000000004
8551,33,48.8969
8551,34,48.942400000000006
8551,35,49.0213
8551,36,49.0692
8551,37,49.1051
8551,38,49.1074
8551,39,49.15719999999999
8551,40,49.2324
8551,41,49.256699999999995
8551,42,49.3137
8551,43,49.3702
8551,44,49.4271
8551,45,49.468500000000006
8551,46,49.522800000000004
8551,47,49.60059999999999
8551,48,49.6689
8551,49,49.680299999999995
8551,50,49.7028
8551,51,49.757799999999996
8551,52,49.78540000000001
8551,53,49.8001
8551,54,49.844500000000004
8551,55,49.852999999999994
8551,56,49.9212
8551,57,49.967
8551,58,49.9822
8551,59,50.037499999999994
8551,60,50.100500000000004
8551,61,50.17309999999999
8551,62,50.19029999999999
8551,63,50.1922
8551,64,50.2063
8551,65,50.267399999999995
8551,66,50.326899999999995
8551,67,50.3831
8551,68,50.394200000000005
8551,69,50.409800000000004
8551,70,50.426500000000004
8551,71,50.4642
8551,72,50.5068
8551,73,50.51110000000001
8551,74,50.5608
8551,75,50.6249
8551,76,50.653000000000006
8551,77,50.6669
8551,78,50.6798
8551,79,50.784
8551,80,50.8613
8551,81,50.9319
8551,82,51.0107
8551,83,51.057300000000005
8551,84,51.1121
8551,85,51.118700000000004
8551,86,51.1895
8551,87,51.251599999999996
8551,88,51.328100000000006
8551,89,51.387100000000004
8551,90,51.3993
8551,91,51.4678
8551,92,51.4795
8551,93,51.4946
8551,94,51.5265
8551,95,51.590599999999995
8551,96,51.676100000000005
8551,97,51.7461
8551,98,51.788399999999996
8551,99,51.83279999999999
8551,100,51.8348
8694,1,47.116
8694,2,47.2697
8694,3,47.35039999999999
8694,4,47.4504
8694,5,47.495900000000006
8694,6,47.54509999999999
8694,7,47.6503
8694,8,47.7162
8694,9,47.8185
8694,10,47.8903
8694,11,47.9417
8694,12,48.026399999999995
8694,13,48.045500000000004
8694,14,48.13120000000001
8694,15,48.1974
8694,16,48.2441
8694,17,48.2991
8694,18,48.29820000000001
8694,19,48.3948
8694,20,48.46039999999999
8694,21,48.528200000000005
8694,22,48.5822
8694,23,48.605599999999995
8694,24,48.6154
8694,25,48.67540000000001
8694,26,48.7469
8694,27,48.759800000000006
8694,28,48.81870000000001
8694,29,48.889900000000004
8694,30,48.9559
8694,31,49.0249
8694,32,49.099500000000006
8694,33,49.1263
8694,34,49.17819999999999
8694,35,49.19749999999999
8694,36,49.2119
8694,37,49.2306
8694,38,49.2704
8694,39,49.3047
8694,40,49.319
8694,41,49.373900000000006
8694,42,49.4391
8694,43,49.478199999999994
8694,44,49.534
8694,45,49.588800000000006
8694,46,49.6002
8694,47,49.6036
8694,48,49.6084
8694,49,49.6781
8694,50,49.6904
8694,51,49.6929
8694,52,49.754400000000004
8694,53,49.818299999999994
8694,54,49.8582
8694,55,49.9178
8694,56,49.974500000000006
8694,57,49.97380000000001
8694,58,49.9709
8694,59,50.026300000000006
8694,60,50.03659999999999
8694,61,50.13260000000001
8694,62,50.1349
8694,63,50.1965
8694,64,50.1982
8694,65,50.20040000000001
8694,66,50.2457
8694,67,50.291
8694,68,50.330799999999996
8694,69,50.387499999999996
8694,70,50.41290000000001
8694,71,50.4717
8694,72,50.5317
8694,73,50.5455
8694,74,50.583600000000004
8694,75,50.6232
8694,76,50.6887
8694,77,50.78349999999999
8694,78,50.8467
8694,79,50.85860000000001
8694,80,50.9323
8694,81,50.939299999999996
8694,82,51.0212
8694,83,51.033
8694,84,51.088800000000006
8694,85,51.1412
8694,86,51.1442
8694,87,51.1477
8694,88,51.2078
8694,89,51.2596
8694,90,51.3155
8694,91,51.41850000000001
8694,92,51.47840000000001
8694,93,51.536500000000004
8694,94,51.619800000000005
8694,95,51.62350000000001
8694,96,51.749
8694,97,51.806
8694,98,51.91930000000001
8694,99,51.945899999999995
8694,100,52.0155
8740,1,47.1515
8740,2,47.2438
8740,3,47.33
8740,4,47.3907
8740,5,47.4423
8740,6,47.4674
8740,7,47.4902
8740,8,47.505399999999995
8740,9,47.562799999999996
8740,10,47.6294
8740,11,47.7045
8740,12,47.789699999999996
8740,13,47.80760000000001
8740,14,47.8634
8740,15,47.9326
8740,16,47.977199999999996
8740,17,48.01990000000001
8740,18,48.0774
8740,19,48.1409
8740,20,48.176
8740,21,48.2398
8740,22,48.3194
8740,23,48.356899999999996
8740,24,48.38119999999999
8740,25,48.420500000000004
8740,26,48.486599999999996
8740,27,48.553799999999995
8740,28,48.599000000000004
8740,29,48.6692
8740,30,48.678599999999996
8740,31,48.7328
8740,32,48.7946
8740,33,48.8314
8740,34,48.8956
8740,35,48.9096
8740,36,48.9738
8740,37,48.9897
8740,38,49.057399999999994
8740,39,49.06229999999999
8740,40,49.065200000000004
8740,41,49.1019
8740,42,49.131800000000005
8740,43,49.1844
8740,44,49.23150000000001
8740,45,49.272800000000004
8740,46,49.309999999999995
8740,47,49.3334
8740,48,49.368399999999994
8740,49,49.3883
8740,50,49.394999999999996
8740,51,49.4099
8740,52,49.458000000000006
8740,53,49.5716
8740,54,49.6276
8740,55,49.6887
8740,56,49.7847
8740,57,49.79249999999999
8740,58,49.8309
8740,59,49.9054
8740,60,49.967299999999994
8740,61,50.03170000000001
8740,62,50.0543
8740,63,50.080000000000005
8740,64,50.1168
8740,65,50.1202
8740,66,50.223699999999994
8740,67,50.2376
8740,68,50.23729999999999
8740,69,50.251599999999996
8740,70,50.2923
8740,71,50.3275
8740,72,50.3629
8740,73,50.451499999999996
8740,74,50.514399999999995
8740,75,50.5698
8740,76,50.62989999999999
8740,77,50.64959999999999
8740,78,50.676100000000005
8740,79,50.68
8740,80,50.7051
8740,81,50.768
8740,82,50.7714
8740,83,50.804
8740,84,50.8522
8740,85,50.8615
8740,86,50.8662
8740,87,50.91069999999999
8740,88,50.935
8740,89,51.0231
8740,90,51.0279
8740,91,51.0339
8740,92,51.059599999999996
8740,93,51.135999999999996
8740,94,51.1442
8740,95,51.2061
8740,96,51.2597
8740,97,51.264900000000004
8740,98,51.341499999999996
8740,99,51.437200000000004
8740,100,51.4834
8986,1,47.1108
8986,2,47.162099999999995
8986,3,47.2402
8986,4,47.311
8986,5,47.3942
8986,6,47.479099999999995
8986,7,47.5664
8986,8,47.6551
8986,9,47.8134
8986,10,47.8412
8986,11,47.88759999999999
8986,12,47.993300000000005
8986,13,48.049499999999995
8986,14,48.06569999999999
8986,15,48.0898
8986,16,48.1562
8986,17,48.20739999999999
8986,18,48.235699999999994
8986,19,48.2962
8986,20,48.3789
8986,21,48.442099999999996
8986,22,48.5274
8986,23,48.5395
8986,24,48.6094
8986,25,48.675399999999996
8986,26,48.756
8986,27,48.7994
8986,28,48.841
8986,29,48.8589
8986,30,48.90599999999999
8986,31,48.9654
8986,32,48.969800000000006
8986,33,48.990700000000004
8986,34,49.0553
8986,35,49.0713
8986,36,49.1175
8986,37,49.184200000000004
8986,38,49.2263
8986,39,49.275800000000004
8986,40,49.2898
8986,41,49.3326
8986,42,49.3972
8986,43,49.41850000000001
8986,44,49.4209
8986,45,49.4711
8986,46,49.4782
8986,47,49.481700000000004
8986,48,49.54129999999999
8986,49,49.592
8986,50,49.5958
8986,51,49.6165
8986,52,49.6747
8986,53,49.765
8986,54,49.8298
8986,55,49.9321
8986,56,49.988699999999994
8986,57,50.00009999999999
8986,58,50.045500000000004
8986,59,50.0616
8986,60,50.117
8986,61,50.133900000000004
8986,62,50.14959999999999
8986,63,50.22370000000001
8986,64,50.286699999999996
8986,65,50.341899999999995
8986,66,50.38849999999999
8986,67,50.4089
8986,68,50.4691
8986,69,50.4727
8986,70,50.484700000000004
8986,71,50.562599999999996
8986,72,50.595200000000006
8986,73,50.6053
8986,74,50.6632
8986,75,50.678200000000004
8986,76,50.7125
8986,77,50.79220000000001
8986,78,50.845600000000005
8986,79,50.869699999999995
8986,80,50.91830000000001
8986,81,50.9563
8986,82,50.96169999999999
8986,83,50.973499999999994
8986,84,51.0239
8986,85,51.0715
8986,86,51.1395
8986,87,51.1417
8986,88,51.1883
8986,89,51.192499999999995
8986,90,51.2603
8986,91,51.313
8986,92,51.36489999999999
8986,93,51.3709
8986,94,51.451
8986,95,51.5041
8986,96,51.51639999999999
8986,97,51.5833
8986,98,51.6299
8986,99,51.733799999999995
8986,100,51.735600000000005
9016,1,47.1262
9016,2,47.1948
9016,3,47.282300000000006
9016,4,47.4284
9016,5,47.429300000000005
9016,6,47.522800000000004
9016,7,47.6151
9016,8,47.7141
9016,9,47.81999999999999
9016,10,47.884
9016,11,47.9673
9016,12,48.031800000000004
9016,13,48.095
9016,14,48.1831
9016,15,48.2237
9016,16,48.2795
9016,17,48.3421
9016,18,48.3691
9016,19,48.464200000000005
9016,20,48.5403
9016,21,48.58069999999999
9016,22,48.598200000000006
9016,23,48.6751
9016,24,48.6884
9016,25,48.7772
9016,26,48.835
9016,27,48.897000000000006
9016,28,48.9531
9016,29,48.9965
9016,30,49.0283
9016,31,49.0933
9016,32,49.10480000000001
9016,33,49.1137
9016,34,49.183
9016,35,49.238299999999995
9016,36,49.260099999999994
9016,37,49.314499999999995
9016,38,49.3275
9016,39,49.3746
9016,40,49.446200000000005
9016,41,49.521899999999995
9016,42,49.5313
9016,43,49.587599999999995
9016,44,49.6284
9016,45,49.6404
9016,46,49.65089999999999
9016,47,49.705
9016,48,49.7754
9016,49,49.8284
9016,50,49.887299999999996
9016,51,49.92450000000001
9016,52,49.9715
9016,53,50.0405
9016,54,50.06230000000001
9016,55,50.1241
9016,56,50.1259
9016,57,50.169399999999996
9016,58,50.18150000000001
9016,59,50.2114
9016,60,50.234500000000004
9016,61,50.27180000000001
9016,62,50.3626
9016,63,50.385400000000004
9016,64,50.395700000000005
9016,65,50.433499999999995
9016,66,50.4948
9016,67,50.5192
9016,68,50.5399
9016,69,50.5549
9016,70,50.62220000000001
9016,71,50.646800000000006
9016,72,50.6612
9016,73,50.679500000000004
9016,74,50.7158
9016,75,50.7855
9016,76,50.789699999999996
9016,77,50.8505
9016,78,50.889
9016,79,50.8899
9016,80,50.93169999999999
9016,81,50.94129999999999
9016,82,51.04600000000001
9016,83,51.0959
9016,84,51.16289999999999
9016,85,51.2306
9016,86,51.346900000000005
9016,87,51.39
9016,88,51.42580000000001
9016,89,51.4953
9016,90,51.4979
9016,91,51.53530000000001
9016,92,51.580799999999996
9016,93,51.6366
9016,94,51.751000000000005
9016,95,51.805499999999995
9016,96,51.8579
9016,97,51.9486
9016,98,51.9518
9016,99,52.029999999999994
9016,100,52.0389
9300,1,47.1271
9300,2,47.1948
9300,3,47.285
9300,4,47.3428
9300,5,47.4121
9300,6,47.5313
9300,7,47.5818
9300,8,47.636799999999994
9300,9,47.7201
9300,10,47.74849999999999
9300,11,47.8227
9300,12,47.86699999999999
9300,13,47.9529
9300,14,48.0449
9300,15,48.097500000000004
9300,16,48.154399999999995
9300,17,48.2246
9300,18,48.275999999999996
9300,19,48.3743
9300,20,48.40989999999999
9300,21,48.4833
9300,22,48.56529999999999
9300,23,48.6301
9300,24,48.684
9300,25,48.7406
9300,26,48.7978
9300,27,48.8493
9300,28,48.9658
9300,29,48.9841
9300,30,49.091499999999996
9300,31,49.16159999999999
9300,32,49.2074
9300,33,49.26049999999999
9300,34,49.271
9300,35,49.311899999999994
9300,36,49.3789
9300,37,49.438500000000005
9300,38,49.5245
9300,39,49.5811
9300,40,49.6462
9300,41,49.69980000000001
9300,42,49.7101
9300,43,49.7666
9300,44,49.7894
9300,45,49.8729
9300,46,49.9376
9300,47,49.9422
9300,48,49.9944
9300,49,50.0722
9300,50,50.144
9300,51,50.2205
9300,52,50.2735
9300,53,50.335300000000004
9300,54,50.4012
9300,55,50.463899999999995
9300,56,50.472199999999994
9300,57,50.5345
9300,58,50.5536
9300,59,50.567400000000006
9300,60,50.59270000000001
9300,61,50.6639
9300,62,50.6742
9300,63,50.7322
9300,64,50.786100000000005
9300,65,50.7916
9300,66,50.81810000000001
9300,67,50.8852
9300,68,50.89
9300,69,50.940400000000004
9300,70,51.0261
9300,71,51.0454
9300,72,51.1135
9300,73,51.162400000000005
9300,74,51.2357
9300,75,51.28730000000001
9300,76,51.3256
9300,77,51.3547
9300,78,51.432199999999995
9300,79,51.5376
9300,80,51.60560000000001
9300,81,51.7218
9300,82,51.7294
9300,83,51.7826
9300,84,51.892599999999995
9300,85,51.9702
9300,86,51.986700000000006
9300,87,52.04939999999999
9300,88,52.0574
9300,89,52.117999999999995
9300,90,52.138000000000005
9300,91,52.193299999999994
9300,92,52.200199999999995
9300,93,52.209399999999995
9300,94,52.2774
9300,95,52.2823
9300,96,52.352999999999994
9300,97,52.358200000000004
9300,98,52.409099999999995
9300,99,52.4225
9300,100,52.432900000000004
9399,1,47.1077
9399,2,47.1661
9399,3,47.2299
9399,4,47.2838
9399,5,47.389900000000004
9399,6,47.4432
9399,7,47.472500000000004
9399,8,47.53790000000001
9399,9,47.5697
9399,10,47.5733
9399,11,47.6494
9399,12,47.6916
9399,13,47.7615
9399,14,47.9051
9399,15,47.916799999999995
9399,16,47.9787
9399,17,47.9945
9399,18,48.0377
9399,19,48.117999999999995
9399,20,48.1583
9399,21,48.2144
9399,22,48.273300000000006
9399,23,48.2813
9399,24,48.3565
9399,25,48.4295
9399,26,48.4566
9399,27,48.560900000000004
9399,28,48.6194
9399,29,48.6686
9399,30,48.681
9399,31,48.7418
9399,32,48.7603
9399,33,48.82170000000001
9399,34,48.8571
9399,35,48.947500000000005
9399,36,49.0248
9399,37,49.069199999999995
9399,38,49.136700000000005
9399,39,49.16600000000001
9399,40,49.1767
9399,41,49.234700000000004
9399,42,49.33409999999999
9399,43,49.408
9399,44,49.4533
9399,45,49.5172
9399,46,49.533500000000004
9399,47,49.601200000000006
9399,48,49.64479999999999
9399,49,49.71340000000001
9399,50,49.7495
9399,51,49.7624
9399,52,49.7774
9399,53,49.7993
9399,54,49.862300000000005
9399,55,49.885400000000004
9399,56,49.9367
9399,57,49.9808
9399,58,49.986599999999996
9399,59,50.03620000000001
9399,60,50.0804
9399,61,50.0881
9399,62,50.10810000000001
9399,63,50.12220000000001
9399,64,50.186299999999996
9399,65,50.2535
9399,66,50.2564
9399,67,50.322
9399,68,50.326800000000006
9399,69,50.337300000000006
9399,70,50.343
9399,71,50.4046
9399,72,50.4426
9399,73,50.481700000000004
9399,74,50.525800000000004
9399,75,50.6007
9399,76,50.6605
9399,77,50.667
9399,78,50.737
9399,79,50.80460000000001
9399,80,50.86
9399,81,50.9036
9399,82,50.9081
9399,83,50.959
9399,84,50.96369999999999
9399,85,50.9569
9399,86,51.0116
9399,87,51.0553
9399,88,51.0663
9399,89,51.1111
9399,90,51.112700000000004
9399,91,51.15539999999999
9399,92,51.2273
9399,93,51.2783
9399,94,51.368399999999994
9399,95,51.4244
9399,96,51.51989999999999
9399,97,51.576899999999995
9399,98,51.6207
9399,99,51.6572
9399,100,51.6973
9480,1,47.1248
9480,2,47.19870000000001
9480,3,47.2825
9480,4,47.3574
9480,5,47.4233
9480,6,47.498099999999994
9480,7,47.594800000000006
9480,8,47.67949999999999
9480,9,47.7423
9480,10,47.802899999999994
9480,11,47.87349999999999
9480,12,47.9589
9480,13,48.0296
9480,14,48.0794
9480,15,48.1599
9480,16,48.2181
9480,17,48.271100000000004
9480,18,48.3853
9480,19,48.448
9480,20,48.4956
9480,21,48.5535
9480,22,48.573899999999995
9480,23,48.6524
9480,24,48.682500000000005
9480,25,48.7571
9480,26,48.8031
9480,27,48.900000000000006
9480,28,48.971599999999995
9480,29,48.982200000000006
9480,30,49.0195
9480,31,49.1123
9480,32,49.1889
9480,33,49.2416
9480,34,49.34840000000001
9480,35,49.4118
9480,36,49.453599999999994
9480,37,49.457
9480,38,49.529
9480,39,49.591499999999996
9480,40,49.646800000000006
9480,41,49.651399999999995
9480,42,49.679500000000004
9480,43,49.6859
9480,44,49.695699999999995
9480,45,49.7539
9480,46,49.76990000000001
9480,47,49.8529
9480,48,49.9265
9480,49,49.99830000000001
9480,50,50.08420000000001
9480,51,50.132999999999996
9480,52,50.13589999999999
9480,53,50.1952
9480,54,50.2415
9480,55,50.254099999999994
9480,56,50.268899999999995
9480,57,50.27770000000001
9480,58,50.29990000000001
9480,59,50.31609999999999
9480,60,50.3904
9480,61,50.425799999999995
9480,62,50.4726
9480,63,50.4886
9480,64,50.493199999999995
9480,65,50.5147
9480,66,50.53
9480,67,50.586000000000006
9480,68,50.650099999999995
9480,69,50.6767
9480,70,50.7512
9480,71,50.79639999999999
9480,72,50.896699999999996
9480,73,50.915400000000005
9480,74,50.9965
9480,75,51.0959
9480,76,51.103
9480,77,51.10770000000001
9480,78,51.1712
9480,79,51.2603
9480,80,51.3155
9480,81,51.3544
9480,82,51.3982
9480,83,51.4504
9480,84,51.48010000000001
9480,85,51.47979999999999
9480,86,51.5202
9480,87,51.6182
9480,88,51.6357
9480,89,51.670199999999994
9480,90,51.6627
9480,91,51.674800000000005
9480,92,51.6947
9480,93,51.78060000000001
9480,94,51.8267
9480,95,51.8536
9480,96,51.9045
9480,97,51.959199999999996
9480,98,52.0015
9480,99,52.054500000000004
9480,100,52.065799999999996
9580,1,47.1269
9580,2,47.184000000000005
9580,3,47.1856
9580,4,47.25019999999999
9580,5,47.2749
9580,6,47.3223
9580,7,47.446
9580,8,47.5342
9580,9,47.6359
9580,10,47.684799999999996
9580,11,47.71050000000001
9580,12,47.8016
9580,13,47.8785
9580,14,47.9447
9580,15,48.001400000000004
9580,16,48.0994
9580,17,48.11580000000001
9580,18,48.1923
9580,19,48.287499999999994
9580,20,48.314400000000006
9580,21,48.365
9580,22,48.4066
9580,23,48.455799999999996
9580,24,48.5024
9580,25,48.619099999999996
9580,26,48.6335
9580,27,48.7024
9580,28,48.7565
9580,29,48.8086
9580,30,48.875099999999996
9580,31,48.935500000000005
9580,32,48.97
9580,33,49.0403
9580,34,49.066500000000005
9580,35,49.078
9580,36,49.0826
9580,37,49.0927
9580,38,49.138999999999996
9580,39,49.1909
9580,40,49.2085
9580,41,49.2708
9580,42,49.318000000000005
9580,43,49.36540000000001
9580,44,49.3838
9580,45,49.3861
9580,46,49.4294
9580,47,49.479
9580,48,49.4888
9580,49,49.5152
9580,50,49.617999999999995
9580,51,49.675799999999995
9580,52,49.769000000000005
9580,53,49.807
9580,54,49.8583
9580,55,49.90899999999999
9580,56,49.908699999999996
9580,57,49.9534
9580,58,49.9864
9580,59,49.9908
9580,60,50.048300000000005
9580,61,50.0803
9580,62,50.1212
9580,63,50.212
9580,64,50.255300000000005
9580,65,50.309799999999996
9580,66,50.39860000000001
9580,67,50.4795
9580,68,50.5017
9580,69,50.5271
9580,70,50.57000000000001
9580,71,50.6503
9580,72,50.7465
9580,73,50.8078
9580,74,50.886900000000004
9580,75,50.92869999999999
9580,76,50.9388
9580,77,50.945
9580,78,51.0376
9580,79,51.078
9580,80,51.0817
9580,81,51.16720000000001
9580,82,51.1537
9580,83,51.1656
9580,84,51.2445
9580,85,51.26160000000001
9580,86,51.320800000000006
9580,87,51.3618
9580,88,51.378600000000006
9580,89,51.4282
9580,90,51.4632
9580,91,51.477000000000004
9580,92,51.54350000000001
9580,93,51.6184
9580,94,51.71560000000001
9580,95,51.7607
9580,96,51.81530000000001
9580,97,51.8196
9580,98,51.86
9580,99,51.8996
9580,100,51.9118
9674,1,47.146300000000004
9674,2,47.1909
9674,3,47.3048
9674,4,47.3581
9674,5,47.378
9674,6,47.4278
9674,7,47.477599999999995
9674,8,47.5614
9674,9,47.6463
9674,10,47.745400000000004
9674,11,47.806000000000004
9674,12,47.8759
9674,13,47.9414
9674,14,47.944
9674,15,48.00290000000001
9674,16,48.0958
9674,17,48.170199999999994
9674,18,48.23609999999999
9674,19,48.2497
9674,20,48.3069
9674,21,48.36750000000001
9674,22,48.373900000000006
9674,23,48.46940000000001
9674,24,48.5298
9674,25,48.595
9674,26,48.6916
9674,27,48.767300000000006
9674,28,48.799499999999995
9674,29,48.8005
9674,30,48.8455
9674,31,48.862899999999996
9674,32,48.884
9674,33,48.90299999999999
9674,34,48.952799999999996
9674,35,49.009100000000004
9674,36,49.0805
9674,37,49.081
9674,38,49.137600000000006
9674,39,49.1676
9674,40,49.21350000000001
9674,41,49.225500000000004
9674,42,49.2739
9674,43,49.325
9674,44,49.389799999999994
9674,45,49.4059
9674,46,49.4487
9674,47,49.44499999999999
9674,48,49.452099999999994
9674,49,49.4648
9674,50,49.5237
9674,51,49.6118
9674,52,49.6716
9674,53,49.7373
9674,54,49.7564
9674,55,49.7684
9674,56,49.85430000000001
9674,57,49.9384
9674,58,49.9426
9674,59,50.0077
9674,60,50.0136
9674,61,50.05669999999999
9674,62,50.0794
9674,63,50.1416
9674,64,50.1857
9674,65,50.21039999999999
9674,66,50.2235
9674,67,50.2251
9674,68,50.2551
9674,69,50.314
9674,70,50.36410000000001
9674,71,50.3727
9674,72,50.41690000000001
9674,73,50.4278
9674,74,50.5059
9674,75,50.5828
9674,76,50.587500000000006
9674,77,50.64410000000001
9674,78,50.66940000000001
9674,79,50.711200000000005
9674,80,50.74140000000001
9674,81,50.8196
9674,82,50.891400000000004
9674,83,50.896899999999995
9674,84,50.9172
9674,85,50.976699999999994
9674,86,51.0342
9674,87,51.0475
9674,88,51.120400000000004
9674,89,51.1965
9674,90,51.2013
9674,91,51.232299999999995
9674,92,51.2465
9674,93,51.293299999999995
9674,94,51.326800000000006
9674,95,51.3845
9674,96,51.3845
9674,97,51.4695
9674,98,51.468500000000006
9674,99,51.519499999999994
9674,100,51.4944
9723,1,47.15440000000001
9723,2,47.230199999999996
9723,3,47.341499999999996
9723,4,47.3999
9723,5,47.4758
9723,6,47.543499999999995
9723,7,47.60979999999999
9723,8,47.668800000000005
9723,9,47.818200000000004
9723,10,47.8574
9723,11,47.903999999999996
9723,12,47.92100000000001
9723,13,47.9594
9723,14,48.0291
9723,15,48.1262
9723,16,48.19840000000001
9723,17,48.2532
9723,18,48.312599999999996
9723,19,48.321
9723,20,48.38929999999999
9723,21,48.4657
9723,22,48.544200000000004
9723,23,48.6047
9723,24,48.66210000000001
9723,25,48.679100000000005
9723,26,48.7327
9723,27,48.73440000000001
9723,28,48.813
9723,29,48.8493
9723,30,48.8523
9723,31,48.894499999999994
9723,32,48.95989999999999
9723,33,49.0429
9723,34,49.071299999999994
9723,35,49.07350000000001
9723,36,49.1276
9723,37,49.1876
9723,38,49.212900000000005
9723,39,49.256
9723,40,49.269000000000005
9723,41,49.3455
9723,42,49.4033
9723,43,49.4346
9723,44,49.438
9723,45,49.488699999999994
9723,46,49.505
9723,47,49.5153
9723,48,49.5317
9723,49,49.54010000000001
9723,50,49.5861
9723,51,49.6251
9723,52,49.7059
9723,53,49.7593
9723,54,49.813599999999994
9723,55,49.871
9723,56,49.914699999999996
9723,57,49.9635
9723,58,50.002700000000004
9723,59,50.07
9723,60,50.118500000000004
9723,61,50.1777
9723,62,50.2864
9723,63,50.34610000000001
9723,64,50.41439999999999
9723,65,50.462900000000005
9723,66,50.5107
9723,67,50.54130000000001
9723,68,50.596700000000006
9723,69,50.637100000000004
9723,70,50.6849
9723,71,50.7458
9723,72,50.7506
9723,73,50.763999999999996
9723,74,50.8469
9723,75,50.929700000000004
9723,76,51.003699999999995
9723,77,51.0407
9723,78,51.1512
9723,79,51.2184
9723,80,51.28229999999999
9723,81,51.280499999999996
9723,82,51.2891
9723,83,51.2977
9723,84,51.3852
9723,85,51.44940000000001
9723,86,51.4639
9723,87,51.4755
9723,88,51.47939999999999
9723,89,51.4842
9723,90,51.487
9723,91,51.5554
9723,92,51.5917
9723,93,51.60849999999999
9723,94,51.6735
9723,95,51.737100000000005
9723,96,51.7997
9723,97,51.8737
9723,98,51.890100000000004
9723,99,51.9272
9723,100,51.949
9748,1,47.17660000000001
9748,2,47.25110000000001
9748,3,47.3515
9748,4,47.4186
9748,5,47.47279999999999
9748,6,47.526700000000005
9748,7,47.5976
9748,8,47.7024
9748,9,47.7801
9748,10,47.860600000000005
9748,11,47.960800000000006
9748,12,48.051500000000004
9748,13,48.118300000000005
9748,14,48.172200000000004
9748,15,48.22149999999999
9748,16,48.2993
9748,17,48.343900000000005
9748,18,48.3979
9748,19,48.403400000000005
9748,20,48.4204
9748,21,48.409099999999995
9748,22,48.4421
9748,23,48.498
9748,24,48.536
9748,25,48.5598
9748,26,48.656600000000005
9748,27,48.672700000000006
9748,28,48.7803
9748,29,48.800399999999996
9748,30,48.8632
9748,31,48.9632
9748,32,49.0306
9748,33,49.0398
9748,34,49.1204
9748,35,49.19029999999999
9748,36,49.1942
9748,37,49.2362
9748,38,49.263999999999996
9748,39,49.32220000000001
9748,40,49.351800000000004
9748,41,49.4413
9748,42,49.471900000000005
9748,43,49.537000000000006
9748,44,49.604000000000006
9748,45,49.6463
9748,46,49.6704
9748,47,49.708200000000005
9748,48,49.7825
9748,49,49.8214
9748,50,49.8874
9748,51,49.976600000000005
9748,52,50.016999999999996
9748,53,50.0774
9748,54,50.1408
9748,55,50.15690000000001
9748,56,50.161
9748,57,50.1636
9748,58,50.1923
9748,59,50.247299999999996
9748,60,50.284099999999995
9748,61,50.330600000000004
9748,62,50.3697
9748,63,50.433
9748,64,50.5159
9748,65,50.526399999999995
9748,66,50.5514
9748,67,50.603899999999996
9748,68,50.61
9748,69,50.6546
9748,70,50.70620000000001
9748,71,50.745999999999995
9748,72,50.7611
9748,73,50.841300000000004
9748,74,50.8886
9748,75,50.938
9748,76,50.9707
9748,77,50.9793
9748,78,51.033699999999996
9748,79,51.045899999999996
9748,80,51.090500000000006
9748,81,51.138999999999996
9748,82,51.179899999999996
9748,83,51.1825
9748,84,51.2899
9748,85,51.43300000000001
9748,86,51.43469999999999
9748,87,51.4387
9748,88,51.522800000000004
9748,89,51.5286
9748,90,51.611
9748,91,51.6504
9748,92,51.7102
9748,93,51.713499999999996
9748,94,51.7915
9748,95,51.8565
9748,96,51.8675
9748,97,51.9199
9748,98,51.9664
9748,99,51.989999999999995
9748,100,52.004400000000004
9836,1,47.140100000000004
9836,2,47.22279999999999
9836,3,47.298899999999996
9836,4,47.3691
9836,5,47.459199999999996
9836,6,47.522
9836,7,47.5724
9836,8,47.6378
9836,9,47.7315
9836,10,47.7719
9836,11,47.7752
9836,12,47.816
9836,13,47.8839
9836,14,47.9935
9836,15,48.0405
9836,16,48.1314
9836,17,48.2001
9836,18,48.269000000000005
9836,19,48.3138
9836,20,48.3769
9836,21,48.4632
9836,22,48.466499999999996
9836,23,48.5547
9836,24,48.5598
9836,25,48.65259999999999
9836,26,48.711600000000004
9836,27,48.776399999999995
9836,28,48.82339999999999
9836,29,48.8785
9836,30,48.9354
9836,31,48.937
9836,32,48.98179999999999
9836,33,48.9886
9836,34,49.0443
9836,35,49.061800000000005
9836,36,49.099000000000004
9836,37,49.1524
9836,38,49.2117
9836,39,49.27579999999999
9836,40,49.373
9836,41,49.4234
9836,42,49.4713
9836,43,49.538399999999996
9836,44,49.547399999999996
9836,45,49.56580000000001
9836,46,49.610600000000005
9836,47,49.678799999999995
9836,48,49.7448
9836,49,49.7533
9836,50,49.79899999999999
9836,51,49.861
9836,52,49.877
9836,53,49.9347
9836,54,49.9882
9836,55,50.0351
9836,56,50.036899999999996
9836,57,50.084900000000005
9836,58,50.1515
9836,59,50.15899999999999
9836,60,50.197199999999995
9836,61,50.2461
9836,62,50.2566
9836,63,50.2654
9836,64,50.348299999999995
9836,65,50.417199999999994
9836,66,50.4708
9836,67,50.498900000000006
9836,68,50.5115
9836,69,50.513400000000004
9836,70,50.5866
9836,71,50.596999999999994
9836,72,50.605599999999995
9836,73,50.66159999999999
9836,74,50.69799999999999
9836,75,50.750299999999996
9836,76,50.7175
9836,77,50.72089999999999
9836,78,50.8053
9836,79,50.8614
9836,80,50.90409999999999
9836,81,50.967200000000005
9836,82,51.0022
9836,83,51.04260000000001
9836,84,51.04560000000001
9836,85,51.1083
9836,86,51.146
9836,87,51.1969
9836,88,51.2432
9836,89,51.2548
9836,90,51.3486
9836,91,51.399899999999995
9836,92,51.4255
9836,93,51.4957
9836,94,51.6018
9836,95,51.6515
9836,96,51.6549
9836,97,51.753
9836,98,51.765600000000006
9836,99,51.8282
9836,100,51.83460000000001
9861,1,47.104299999999995
9861,2,47.2138
9861,3,47.2719
9861,4,47.3223
9861,5,47.4055
9861,6,47.462199999999996
9861,7,47.5501
9861,8,47.5787
9861,9,47.5809
9861,10,47.6062
9861,11,47.6248
9861,12,47.6909
9861,13,47.7472
9861,14,47.8241
9861,15,47.879400000000004
9861,16,47.9144
9861,17,47.97370000000001
9861,18,48.0407
9861,19,48.0719
9861,20,48.112500000000004
9861,21,48.1357
9861,22,48.2188
9861,23,48.2967
9861,24,48.349700000000006
9861,25,48.475699999999996
9861,26,48.538799999999995
9861,27,48.603699999999996
9861,28,48.6627
9861,29,48.7886
9861,30,48.8464
9861,31,48.8464
9861,32,48.8611
9861,33,48.9348
9861,34,48.9362
9861,35,48.9472
9861,36,49.0099
9861,37,49.024100000000004
9861,38,49.1006
9861,39,49.1494
9861,40,49.203
9861,41,49.26650000000001
9861,42,49.2844
9861,43,49.3427
9861,44,49.43070000000001
9861,45,49.494299999999996
9861,46,49.4991
9861,47,49.5282
9861,48,49.5946
9861,49,49.657
9861,50,49.7317
9861,51,49.7758
9861,52,49.79730000000001
9861,53,49.852500000000006
9861,54,49.8771
9861,55,49.942800000000005
9861,56,49.9882
9861,57,50.0835
9861,58,50.112899999999996
9861,59,50.1176
9861,60,50.16890000000001
9861,61,50.223800000000004
9861,62,50.2959
9861,63,50.36769999999999
9861,64,50.4708
9861,65,50.583000000000006
9861,66,50.5985
9861,67,50.616
9861,68,50.666399999999996
9861,69,50.6679
9861,70,50.73980000000001
9861,71,50.758700000000005
9861,72,50.7804
9861,73,50.7832
9861,74,50.8159
9861,75,50.897400000000005
9861,76,50.9618
9861,77,51.0
9861,78,51.0598
9861,79,51.1691
9861,80,51.1657
9861,81,51.1742
9861,82,51.211
9861,83,51.2222
9861,84,51.242599999999996
9861,85,51.256499999999996
9861,86,51.269499999999994
9861,87,51.293899999999994
9861,88,51.360600000000005
9861,89,51.4358
9861,90,51.4589
9861,91,51.46470000000001
9861,92,51.5052
9861,93,51.5267
9861,94,51.5608
9861,95,51.567
9861,96,51.5706
9861,97,51.5736
9861,98,51.6132
9861,99,51.6126
9861,100,51.6498
9895,1,47.1473
9895,2,47.1952
9895,3,47.2433
9895,4,47.305
9895,5,47.3921
9895,6,47.3976
9895,7,47.520799999999994
9895,8,47.6156
9895,9,47.74380000000001
9895,10,47.7535
9895,11,47.8154
9895,12,47.872699999999995
9895,13,47.911500000000004
9895,14,47.946400000000004
9895,15,48.01049999999999
9895,16,48.063199999999995
9895,17,48.1303
9895,18,48.218900000000005
9895,19,48.2687
9895,20,48.3237
9895,21,48.3247
9895,22,48.3387
9895,23,48.3892
9895,24,48.424499999999995
9895,25,48.43600000000001
9895,26,48.4914
9895,27,48.514799999999994
9895,28,48.586
9895,29,48.6536
9895,30,48.7153
9895,31,48.7459
9895,32,48.8464
9895,33,48.8863
9895,34,48.9542
9895,35,49.0137
9895,36,49.0754
9895,37,49.075900000000004
9895,38,49.128099999999996
9895,39,49.1755
9895,40,49.1835
9895,41,49.189899999999994
9895,42,49.250499999999995
9895,43,49.3539
9895,44,49.3627
9895,45,49.3707
9895,46,49.42380000000001
9895,47,49.49329999999999
9895,48,49.54730000000001
9895,49,49.61990000000001
9895,50,49.6744
9895,51,49.734199999999994
9895,52,49.7899
9895,53,49.85850000000001
9895,54,49.8745
9895,55,49.8972
9895,56,49.94799999999999
9895,57,49.9676
9895,58,50.0051
9895,59,50.0836
9895,60,50.0967
9895,61,50.17
9895,62,50.21600000000001
9895,63,50.236900000000006
9895,64,50.2526
9895,65,50.2649
9895,66,50.322100000000006
9895,67,50.3872
9895,68,50.3928
9895,69,50.4033
9895,70,50.4719
9895,71,50.49250000000001
9895,72,50.5745
9895,73,50.595800000000004
9895,74,50.6537
9895,75,50.73349999999999
9895,76,50.7364
9895,77,50.7975
9895,78,50.8497
9895,79,50.8511
9895,80,50.898799999999994
9895,81,50.91589999999999
9895,82,50.918400000000005
9895,83,50.94619999999999
9895,84,50.9669
9895,85,50.9701
9895,86,51.0322
9895,87,51.0454
9895,88,51.048899999999996
9895,89,51.128899999999994
9895,90,51.1413
9895,91,51.204800000000006
9895,92,51.217
9895,93,51.269999999999996
9895,94,51.297999999999995
9895,95,51.3367
9895,96,51.3729
9895,97,51.38
9895,98,51.430299999999995
9895,99,51.467200000000005
9895,100,51.5698
9998,1,47.153999999999996
9998,2,47.201899999999995
9998,3,47.304
9998,4,47.35210000000001
9998,5,47.419200000000004
9998,6,47.4674
9998,7,47.5453
9998,8,47.6318
9998,9,47.7219
9998,10,47.7916
9998,11,47.8599
9998,12,47.931700000000006
9998,13,47.98929999999999
9998,14,48.0505
9998,15,48.1352
9998,16,48.2586
9998,17,48.3184
9998,18,48.384600000000006
9998,19,48.428799999999995
9998,20,48.4767
9998,21,48.5333
9998,22,48.5686
9998,23,48.638400000000004
9998,24,48.6797
9998,25,48.6843
9998,26,48.75020000000001
9998,27,48.7632
9998,28,48.861900000000006
9998,29,48.9028
9998,30,48.967200000000005
9998,31,49.0225
9998,32,49.0807
9998,33,49.1267
9998,34,49.1854
9998,35,49.21
9998,36,49.269800000000004
9998,37,49.3227
9998,38,49.361399999999996
9998,39,49.3667
9998,40,49.4087
9998,41,49.4448
9998,42,49.4993
9998,43,49.515499999999996
9998,44,49.5822
9998,45,49.64739999999999
9998,46,49.69370000000001
9998,47,49.7345
9998,48,49.7713
9998,49,49.822599999999994
9998,50,49.8699
9998,51,49.954499999999996
9998,52,49.9722
9998,53,49.9763
9998,54,50.0025
9998,55,50.04860000000001
9998,56,50.12400000000001
9998,57,50.1974
9998,58,50.2731
9998,59,50.2846
9998,60,50.379099999999994
9998,61,50.441300000000005
9998,62,50.4831
9998,63,50.5283
9998,64,50.5902
9998,65,50.68390000000001
9998,66,50.7217
9998,67,50.794399999999996
9998,68,50.798
9998,69,50.8809
9998,70,50.942400000000006
9998,71,51.015100000000004
9998,72,51.038799999999995
9998,73,51.090199999999996
9998,74,51.1589
9998,75,51.2162
9998,76,51.295700000000004
9998,77,51.3694
9998,78,51.4452
9998,79,51.4618
9998,80,51.5635
9998,81,51.5745
9998,82,51.6251
9998,83,51.688
9998,84,51.78280000000001
9998,85,51.882
9998,86,51.943
9998,87,51.9486
9998,88,52.037099999999995
9998,89,52.06049999999999
9998,90,52.06999999999999
9998,91,52.140100000000004
9998,92,52.1553
9998,93,52.208200000000005
9998,94,52.2559
9998,95,52.31700000000001
9998,96,52.3249
9998,97,52.37890000000001
9998,98,52.4333
9998,99,52.515100000000004
9998,100,52.50840000000001
